{"results": {"distribution.Functions.time_distr_functions": {"result": null, "params": [["'univar_normal'", "'multivar_normal'", "'matrixvar_normal'", "'symmatrixvar_normal'"], ["'pdf'", "'logpdf'", "'cdf'", "'logcdf'"]]}, "distribution.Sampling.time_sample": {"result": null, "params": [["'univar_normal'", "'multivar_normal'", "'matrixvar_normal'", "'symmatrixvar_normal'"]]}, "linearsolvers.LinSolve.time_solve": {"result": [0.08629988849861547, 0.0021910263996687716], "stats": [{"ci_99": [0.0595319100029883, 0.11067407100199489], "q_25": 0.06054186875007872, "q_75": 0.10956628050371364, "min": 0.0595319100029883, "max": 0.11067407100199489, "mean": 0.08524710810088436, "std": 0.02447594909628531, "repeat": 10, "number": 1}, {"ci_99": [0.00213339600013569, 0.0022386091994121672], "q_25": 0.0021434311500343026, "q_75": 0.002212759399481001, "min": 0.00213339600013569, "max": 0.0022386091994121672, "mean": 0.002183096879743971, "std": 3.809164904491358e-05, "repeat": 10, "number": 5}], "params": [["'sparse'", "'dense'"]]}, "linearsolvers.PosteriorDist.time_sample": {"result": [0.008605464499851223, 0.012954593505128287, 0.013234835998446215], "stats": [{"ci_99": [0.0059419245008029975, 0.011839827500807587], "q_25": 0.0060372436255420325, "q_75": 0.011579777249608014, "min": 0.0059419245008029975, "max": 0.011839827500807587, "mean": 0.008794442650105339, "std": 0.002768080504977853, "repeat": 10, "number": 2}, {"ci_99": [0.012516857997979969, 0.025046696995559614], "q_25": 0.012722480751108378, "q_75": 0.023518962001617183, "min": 0.012516857997979969, "max": 0.025046696995559614, "mean": 0.017103237601259026, "std": 0.005506524829392344, "repeat": 10, "number": 1}, {"ci_99": [0.01264151799841784, 0.025052619996131398], "q_25": 0.012814146995879128, "q_75": 0.014256300250053755, "min": 0.01264151799841784, "max": 0.025052619996131398, "mean": 0.014673187999142101, "std": 0.003614445162302837, "repeat": 10, "number": 1}], "params": [["'solution'", "'matrix'", "'matrix_inverse'"]]}, "distribution.Sampling.peakmem_sample": {"result": null, "params": [["'univar_normal'", "'multivar_normal'", "'matrixvar_normal'", "'symmatrixvar_normal'"]]}, "linearsolvers.LinSolve.mem_solve": {"result": [0, 0], "params": [["'sparse'", "'dense'"]]}, "linearsolvers.LinSolve.peakmem_solve": {"result": [77742080, 72302592], "params": [["'sparse'", "'dense'"]]}}, "params": {"machine": "cloudrunner", "python": "3.8"}, "requirements": {}, "commit_hash": "154982ac630259b85883a26bc5cd33afa898f6b6", "date": 1594191346000, "env_name": "virtualenv-py3.8", "python": "3.8", "profiles": {}, "started_at": {"distribution.Functions.time_distr_functions": 1596186437723, "distribution.Sampling.time_sample": 1596186438615, "linearsolvers.LinSolve.time_solve": 1596186442728, "linearsolvers.PosteriorDist.time_sample": 1596186443489, "distribution.Sampling.peakmem_sample": 1596186442064, "linearsolvers.LinSolve.mem_solve": 1596186442305, "linearsolvers.LinSolve.peakmem_solve": 1596186442516}, "ended_at": {"distribution.Functions.time_distr_functions": 1596186438614, "distribution.Sampling.time_sample": 1596186438877, "linearsolvers.LinSolve.time_solve": 1596186443488, "linearsolvers.PosteriorDist.time_sample": 1596186445620, "distribution.Sampling.peakmem_sample": 1596186442304, "linearsolvers.LinSolve.mem_solve": 1596186442515, "linearsolvers.LinSolve.peakmem_solve": 1596186442727}, "benchmark_version": {"distribution.Functions.time_distr_functions": "c34be45871a81ba51db14abb809470bf779abec711211d454c4275de8f77a6b4", "distribution.Sampling.time_sample": "f20f857be1d0c0f4340e8064e5285dad677a08c3d33aa21133d190a573c4fad8", "linearsolvers.LinSolve.time_solve": "bc59b7a996dbae83510dbeb7fe6d300304bedfd9fce6b8420b24f84416328c01", "linearsolvers.PosteriorDist.time_sample": "e140297042a5ac6c236f00da17a4cb3660a63433fcab0c2f619ef7a57ddfb3d8", "distribution.Sampling.peakmem_sample": "c75738772ab05552dcec0b653b26eb4397de0c750d14eea3f6e0b1afbf0a8a97", "linearsolvers.LinSolve.mem_solve": "5f89a23f7f1a2da54cdfdb1304351cff79c2ff2ccbca48a1bc002ab792272dd5", "linearsolvers.LinSolve.peakmem_solve": "af6eef7ddd7caef365704cfdf46a91503b5d9fb963dac8126745b6ba718b4349"}, "version": 1}