{"results": {"distribution.Functions.time_distr_functions": {"result": null, "params": [["'univar_normal'", "'multivar_normal'", "'matrixvar_normal'", "'symmatrixvar_normal'"], ["'pdf'", "'logpdf'", "'cdf'", "'logcdf'"]]}, "distribution.Sampling.time_sample": {"result": null, "params": [["'univar_normal'", "'multivar_normal'", "'matrixvar_normal'", "'symmatrixvar_normal'"]]}, "linearsolvers.LinSolve.time_solve": {"result": [0.06707487650055555, 0.0021703448997868694], "stats": [{"ci_99": [0.05747853899811162, 0.11329205100628315], "q_25": 0.05898220975177537, "q_75": 0.1018755657478323, "min": 0.05747853899811162, "max": 0.11329205100628315, "mean": 0.07940955630110694, "std": 0.022645116380429528, "repeat": 10, "number": 1}, {"ci_99": [0.00215618380025262, 0.0022507685993332417], "q_25": 0.0021573247002379505, "q_75": 0.0022058927006582962, "min": 0.00215618380025262, "max": 0.0022507685993332417, "mean": 0.002185698299872456, "std": 3.2925914097461326e-05, "repeat": 10, "number": 5}], "params": [["'sparse'", "'dense'"]]}, "linearsolvers.PosteriorDist.time_sample": {"result": [0.006176481500006048, 0.018521892998251133, 0.013991465497383615], "stats": [{"ci_99": [0.005834670500917127, 0.011280459497356787], "q_25": 0.005951879626081791, "q_75": 0.006258854999941832, "min": 0.005834670500917127, "max": 0.011280459497356787, "mean": 0.007008898600543034, "std": 0.0019087575480966914, "repeat": 10, "number": 2}, {"ci_99": [0.012375294005323667, 0.027998625999316573], "q_25": 0.012624679497093894, "q_75": 0.024570523497459362, "min": 0.012375294005323667, "max": 0.027998625999316573, "mean": 0.018932043499080464, "std": 0.006368852897301207, "repeat": 10, "number": 1}, {"ci_99": [0.012089948999346234, 0.024559932004194707], "q_25": 0.013012148247071309, "q_75": 0.022587667001062073, "min": 0.012089948999346234, "max": 0.024559932004194707, "mean": 0.01695423069904791, "std": 0.005038124579087763, "repeat": 10, "number": 1}], "params": [["'solution'", "'matrix'", "'matrix_inverse'"]]}, "distribution.Sampling.peakmem_sample": {"result": null, "params": [["'univar_normal'", "'multivar_normal'", "'matrixvar_normal'", "'symmatrixvar_normal'"]]}, "linearsolvers.LinSolve.mem_solve": {"result": [0, 0], "params": [["'sparse'", "'dense'"]]}, "linearsolvers.LinSolve.peakmem_solve": {"result": [78483456, 72294400], "params": [["'sparse'", "'dense'"]]}}, "params": {"machine": "cloudrunner", "python": "3.8"}, "requirements": {}, "commit_hash": "1e88aa702d15c75e59e01780ce8fe36e4f414813", "date": 1593794977000, "env_name": "virtualenv-py3.8", "python": "3.8", "profiles": {}, "started_at": {"distribution.Functions.time_distr_functions": 1596186496070, "distribution.Sampling.time_sample": 1596186496962, "linearsolvers.LinSolve.time_solve": 1596186501194, "linearsolvers.PosteriorDist.time_sample": 1596186502109, "distribution.Sampling.peakmem_sample": 1596186500510, "linearsolvers.LinSolve.mem_solve": 1596186500769, "linearsolvers.LinSolve.peakmem_solve": 1596186500983}, "ended_at": {"distribution.Functions.time_distr_functions": 1596186496962, "distribution.Sampling.time_sample": 1596186497182, "linearsolvers.LinSolve.time_solve": 1596186502107, "linearsolvers.PosteriorDist.time_sample": 1596186504283, "distribution.Sampling.peakmem_sample": 1596186500767, "linearsolvers.LinSolve.mem_solve": 1596186500982, "linearsolvers.LinSolve.peakmem_solve": 1596186501193}, "benchmark_version": {"distribution.Functions.time_distr_functions": "c34be45871a81ba51db14abb809470bf779abec711211d454c4275de8f77a6b4", "distribution.Sampling.time_sample": "f20f857be1d0c0f4340e8064e5285dad677a08c3d33aa21133d190a573c4fad8", "linearsolvers.LinSolve.time_solve": "bc59b7a996dbae83510dbeb7fe6d300304bedfd9fce6b8420b24f84416328c01", "linearsolvers.PosteriorDist.time_sample": "e140297042a5ac6c236f00da17a4cb3660a63433fcab0c2f619ef7a57ddfb3d8", "distribution.Sampling.peakmem_sample": "c75738772ab05552dcec0b653b26eb4397de0c750d14eea3f6e0b1afbf0a8a97", "linearsolvers.LinSolve.mem_solve": "5f89a23f7f1a2da54cdfdb1304351cff79c2ff2ccbca48a1bc002ab792272dd5", "linearsolvers.LinSolve.peakmem_solve": "af6eef7ddd7caef365704cfdf46a91503b5d9fb963dac8126745b6ba718b4349"}, "version": 1}