{"results": {"distribution.Functions.time_distr_functions": {"result": null, "params": [["'univar_normal'", "'multivar_normal'", "'matrixvar_normal'", "'symmatrixvar_normal'"], ["'pdf'", "'logpdf'", "'cdf'", "'logcdf'"]]}, "distribution.Sampling.time_sample": {"result": null, "params": [["'univar_normal'", "'multivar_normal'", "'matrixvar_normal'", "'symmatrixvar_normal'"]]}, "linearsolvers.LinSolve.time_solve": {"result": [0.060410441998101305, 0.0022757424005249048], "stats": [{"ci_99": [0.05614654300006805, 0.10343838600238087], "q_25": 0.0582292442486505, "q_75": 0.08272280624987616, "min": 0.05614654300006805, "max": 0.10343838600238087, "mean": 0.07064356730043073, "std": 0.015987149116389744, "repeat": 10, "number": 1}, {"ci_99": [0.0022369058002368546, 0.0025469214000622743], "q_25": 0.00224138969933847, "q_75": 0.002303631800532457, "min": 0.0022369058002368546, "max": 0.0025469214000622743, "mean": 0.0022987398400437084, "std": 8.832474188029301e-05, "repeat": 10, "number": 5}], "params": [["'sparse'", "'dense'"]]}, "linearsolvers.PosteriorDist.time_sample": {"result": [0.00845513350031979, 0.013960835000034422, 0.018429998501233058], "stats": [{"ci_99": [0.005712606998713454, 0.014173154497257201], "q_25": 0.006484620875198743, "q_75": 0.011550462748346035, "min": 0.005712606998713454, "max": 0.014173154497257201, "mean": 0.009076184749574168, "std": 0.003015360522525781, "repeat": 10, "number": 2}, {"ci_99": [0.013175258005503565, 0.02667933799966704], "q_25": 0.013405512247118168, "q_75": 0.025792320748223574, "min": 0.013175258005503565, "max": 0.02667933799966704, "mean": 0.018516744099906647, "std": 0.006122283850322444, "repeat": 10, "number": 1}, {"ci_99": [0.012311209000472445, 0.027931247001106385], "q_25": 0.01268152975353587, "q_75": 0.024177522500394844, "min": 0.012311209000472445, "max": 0.027931247001106385, "mean": 0.01885313150123693, "std": 0.006330982710817912, "repeat": 10, "number": 1}], "params": [["'solution'", "'matrix'", "'matrix_inverse'"]]}, "distribution.Sampling.peakmem_sample": {"result": null, "params": [["'univar_normal'", "'multivar_normal'", "'matrixvar_normal'", "'symmatrixvar_normal'"]]}, "linearsolvers.LinSolve.mem_solve": {"result": [0, 0], "params": [["'sparse'", "'dense'"]]}, "linearsolvers.LinSolve.peakmem_solve": {"result": [78790656, 73572352], "params": [["'sparse'", "'dense'"]]}}, "params": {"machine": "cloudrunner", "python": "3.8"}, "requirements": {}, "commit_hash": "e72d4fe9ceee2c69a1085408ef42b7db24c26dba", "date": 1593796173000, "env_name": "virtualenv-py3.8", "python": "3.8", "profiles": {}, "started_at": {"distribution.Functions.time_distr_functions": 1596186466370, "distribution.Sampling.time_sample": 1596186467251, "linearsolvers.LinSolve.time_solve": 1596186471344, "linearsolvers.PosteriorDist.time_sample": 1596186472110, "distribution.Sampling.peakmem_sample": 1596186470606, "linearsolvers.LinSolve.mem_solve": 1596186470917, "linearsolvers.LinSolve.peakmem_solve": 1596186471131}, "ended_at": {"distribution.Functions.time_distr_functions": 1596186467251, "distribution.Sampling.time_sample": 1596186467471, "linearsolvers.LinSolve.time_solve": 1596186472108, "linearsolvers.PosteriorDist.time_sample": 1596186474383, "distribution.Sampling.peakmem_sample": 1596186470916, "linearsolvers.LinSolve.mem_solve": 1596186471130, "linearsolvers.LinSolve.peakmem_solve": 1596186471343}, "benchmark_version": {"distribution.Functions.time_distr_functions": "c34be45871a81ba51db14abb809470bf779abec711211d454c4275de8f77a6b4", "distribution.Sampling.time_sample": "f20f857be1d0c0f4340e8064e5285dad677a08c3d33aa21133d190a573c4fad8", "linearsolvers.LinSolve.time_solve": "bc59b7a996dbae83510dbeb7fe6d300304bedfd9fce6b8420b24f84416328c01", "linearsolvers.PosteriorDist.time_sample": "e140297042a5ac6c236f00da17a4cb3660a63433fcab0c2f619ef7a57ddfb3d8", "distribution.Sampling.peakmem_sample": "c75738772ab05552dcec0b653b26eb4397de0c750d14eea3f6e0b1afbf0a8a97", "linearsolvers.LinSolve.mem_solve": "5f89a23f7f1a2da54cdfdb1304351cff79c2ff2ccbca48a1bc002ab792272dd5", "linearsolvers.LinSolve.peakmem_solve": "af6eef7ddd7caef365704cfdf46a91503b5d9fb963dac8126745b6ba718b4349"}, "version": 1}