{"results": {"ivpsolve.IVPSolve.time_solve": {"result": null, "params": [["'eks0'", "'ekf0'"], ["'with'", "'without'"], ["'ibm4'", "'ioup4'", "'matern92'"]]}, "linearsolvers.LinSolve.time_solve": {"result": [0.026884953025728464, 0.003962323224792878], "stats": [{"ci_99": [0.026593058370053768, 0.027085510082542896], "q_25": 0.02667740103788674, "q_75": 0.02698061871342361, "min": 0.026593058370053768, "max": 0.027085510082542896, "mean": 0.02684748386964202, "std": 0.00016738986463337232, "repeat": 10, "number": 1}, {"ci_99": [0.0039288221548000974, 0.0039972709491848946], "q_25": 0.00393341644667089, "q_75": 0.003989501468216379, "min": 0.0039288221548000974, "max": 0.0039972709491848946, "mean": 0.003962548697988193, "std": 2.8599593066942305e-05, "repeat": 10, "number": 3}], "params": [["'sparse'", "'dense'"]]}, "linearsolvers.PosteriorDist.time_sample": {"result": [0.001868926997606953, 0.01984553039073944, 0.0269828662276268], "stats": [{"ci_99": [0.0015943287871778011, 0.0021960174975295863], "q_25": 0.0015982591624682148, "q_75": 0.0021481671913837395, "min": 0.0015943287871778011, "max": 0.0021960174975295863, "mean": 0.0018796338544537622, "std": 0.0002819778394444209, "repeat": 10, "number": 6}, {"ci_99": [0.019259669817984104, 0.020866931416094303], "q_25": 0.019321905681863427, "q_75": 0.020631940802559257, "min": 0.019259669817984104, "max": 0.020866931416094303, "mean": 0.019981220457702877, "std": 0.0006814849196477285, "repeat": 10, "number": 1}, {"ci_99": [0.025443535298109055, 0.02999061904847622], "q_25": 0.02581599517725408, "q_75": 0.02812057500705123, "min": 0.025443535298109055, "max": 0.02999061904847622, "mean": 0.02711994918063283, "std": 0.0014659561212664817, "repeat": 10, "number": 1}], "params": [["'solution'", "'matrix'", "'matrix_inverse'"]]}, "random_variables.Functions.time_distr_functions": {"result": [8.616844684747625e-05, 8.536453366789044e-05, 7.496012872314616e-05, 7.786169526693614e-05, 0.00010248645004339335, 0.00010316799479452046, 0.002477494844545921, 0.002493836761762698, 0.000537136394996196, 0.0005492445197887719, 0.03889899700880051, 0.03913779370486736, 0.0005289507814897941, 0.0005391670677524346, 0.039174207020550966, 0.039131321012973785, 0.0005385538970585912, 0.0005323784134816378, 0.0391459153033793, 0.040190079249441624], "stats": [{"ci_99": [8.474975393330755e-05, 8.730296322629472e-05], "q_25": 8.554489174780767e-05, "q_75": 8.671398251509864e-05, "min": 8.474975393330755e-05, "max": 8.730296322629472e-05, "mean": 8.606998219100896e-05, "std": 8.05502985238293e-07, "repeat": 10, "number": 121}, {"ci_99": [8.453242480754852e-05, 8.675258638512375e-05], "q_25": 8.489931018179299e-05, "q_75": 8.628047747999176e-05, "min": 8.453242480754852e-05, "max": 8.675258638512375e-05, "mean": 8.554222842312266e-05, "std": 7.974809156887223e-07, "repeat": 10, "number": 117}, {"ci_99": [7.411868196644195e-05, 7.656974437302106e-05], "q_25": 7.444818516912526e-05, "q_75": 7.566231723925838e-05, "min": 7.411868196644195e-05, "max": 7.656974437302106e-05, "mean": 7.510747798807817e-05, "std": 7.937915886614204e-07, "repeat": 10, "number": 146}, {"ci_99": [7.707294265645137e-05, 7.897850287997204e-05], "q_25": 7.719634627194509e-05, "q_75": 7.854036116243704e-05, "min": 7.707294265645137e-05, "max": 7.897850287997204e-05, "mean": 7.790628132288871e-05, "std": 7.085811530955565e-07, "repeat": 10, "number": 138}, {"ci_99": [0.00010101230269888552, 0.00016537667592851128], "q_25": 0.00010216059503940547, "q_75": 0.00010347515401407712, "min": 0.00010101230269888552, "max": 0.00016537667592851128, "mean": 0.00010883937726115307, "std": 1.8860786107569375e-05, "repeat": 10, "number": 82}, {"ci_99": [0.00010212805460799824, 0.00017346868460828608], "q_25": 0.00010287053883075715, "q_75": 0.00010577722198583863, "min": 0.00010212805460799824, "max": 0.00017346868460828608, "mean": 0.00011363939636132932, "std": 2.2177254038109597e-05, "repeat": 10, "number": 55}, {"ci_99": [0.000781038465599219, 0.006631424029668172], "q_25": 0.0017538268584758043, "q_75": 0.004813643094773094, "min": 0.000781038465599219, "max": 0.006631424029668172, "mean": 0.003140270927300056, "std": 0.001905219397295459, "repeat": 10, "number": 3}, {"ci_99": [0.0007804126168290774, 0.005794162241121133], "q_25": 0.0015093751717358828, "q_75": 0.004813955320666234, "min": 0.0007804126168290774, "max": 0.005794162241121133, "mean": 0.003040639590471983, "std": 0.0018079220738103261, "repeat": 10, "number": 3}, {"ci_99": [0.0005256562726572156, 0.0007455913000740111], "q_25": 0.000535851635504514, "q_75": 0.0005562817532336339, "min": 0.0005256562726572156, "max": 0.0007455913000740111, "mean": 0.0005637198162730783, "std": 6.261905283326477e-05, "repeat": 10, "number": 16}, {"ci_99": [0.0005192066309973598, 0.0006162102217786014], "q_25": 0.0005364835524233058, "q_75": 0.0005619088333332911, "min": 0.0005192066309973598, "max": 0.0006162102217786014, "mean": 0.0005536614917218685, "std": 2.7812947696939595e-05, "repeat": 10, "number": 16}, {"ci_99": [0.03875503223389387, 0.04042088706046343], "q_25": 0.03880357323214412, "q_75": 0.03911318606697023, "min": 0.03875503223389387, "max": 0.04042088706046343, "mean": 0.03916961764916778, "std": 0.000579211102761458, "repeat": 10, "number": 1}, {"ci_99": [0.038647498935461044, 0.039871860295534134], "q_25": 0.03884746669791639, "q_75": 0.0394098327960819, "min": 0.038647498935461044, "max": 0.039871860295534134, "mean": 0.039176417700946334, "std": 0.00038574441773925626, "repeat": 10, "number": 1}, {"ci_99": [0.0005124911236075255, 0.0006803212544092765], "q_25": 0.0005237289095440736, "q_75": 0.0005320017584241354, "min": 0.0005124911236075255, "max": 0.0006803212544092765, "mean": 0.0005496519546096142, "std": 5.170725702471457e-05, "repeat": 10, "number": 13}, {"ci_99": [0.0005205014290717932, 0.0006372437167626161], "q_25": 0.0005302200846087474, "q_75": 0.0005432215805810231, "min": 0.0005205014290717932, "max": 0.0006372437167626161, "mean": 0.0005525997123466089, "std": 3.8631578449785463e-05, "repeat": 10, "number": 13}, {"ci_99": [0.03842574078589678, 0.040701184421777725], "q_25": 0.03849284700118005, "q_75": 0.03959542699158192, "min": 0.03842574078589678, "max": 0.040701184421777725, "mean": 0.0391941106878221, "std": 0.0007337432915086014, "repeat": 10, "number": 1}, {"ci_99": [0.038380145095288754, 0.039809731766581535], "q_25": 0.03866490349173546, "q_75": 0.03967131534591317, "min": 0.038380145095288754, "max": 0.039809731766581535, "mean": 0.03913869354873896, "std": 0.0005491582766208117, "repeat": 10, "number": 1}, {"ci_99": [0.0005157448467798531, 0.00067160464823246], "q_25": 0.000523132344824262, "q_75": 0.0005443424452096224, "min": 0.0005157448467798531, "max": 0.00067160464823246, "mean": 0.0005504839529749006, "std": 4.4341378780597004e-05, "repeat": 10, "number": 16}, {"ci_99": [0.00052340526599437, 0.0006177608156576753], "q_25": 0.0005295209994073957, "q_75": 0.0005383322422858328, "min": 0.00052340526599437, "max": 0.0006177608156576753, "mean": 0.0005426423507742584, "std": 2.6898651991241594e-05, "repeat": 10, "number": 16}, {"ci_99": [0.0383911170065403, 0.039769282564520836], "q_25": 0.038629988208413124, "q_75": 0.039603361627087, "min": 0.0383911170065403, "max": 0.039769282564520836, "mean": 0.03910135962069035, "std": 0.0005432583414433171, "repeat": 10, "number": 1}, {"ci_99": [0.039547717198729515, 0.040565175004303455], "q_25": 0.03967617778107524, "q_75": 0.0404535555280745, "min": 0.039547717198729515, "max": 0.040565175004303455, "mean": 0.04009858760982752, "std": 0.00040426278661381116, "repeat": 10, "number": 1}], "params": [["'univar_normal'", "'multivar_normal'", "'matrixvar_normal'", "'symmatrixvar_normal'", "'operatorvar_normal'"], ["'pdf'", "'logpdf'", "'cdf'", "'logcdf'"]]}, "random_variables.Sampling.time_sample": {"result": [6.294148607235967e-05, 0.00020935348406129955, 0.001725833280943334, 0.03723733266815543, 0.03731083031743765],