{"results": {"ivpsolve.IVPSolve.time_solve": {"result": null, "params": [["'eks0'", "'ekf0'"], ["'with'", "'without'"], ["'ibm4'", "'ioup4'", "'matern92'"]]}, "linearsolvers.LinSolve.time_solve": {"result": [0.027043345849961042, 0.003990525845438242], "stats": [{"ci_99": [0.026890401728451252, 0.027250108309090137], "q_25": 0.026984112337231636, "q_75": 0.02706631552428007, "min": 0.026890401728451252, "max": 0.027250108309090137, "mean": 0.027034588251262905, "std": 9.701227846409949e-05, "repeat": 10, "number": 1}, {"ci_99": [0.003953170031309128, 0.004054080694913864], "q_25": 0.003960820923869808, "q_75": 0.004021833650767803, "min": 0.003953170031309128, "max": 0.004054080694913864, "mean": 0.003994103210667769, "std": 3.6235635721032065e-05, "repeat": 10, "number": 3}], "params": [["'sparse'", "'dense'"]]}, "linearsolvers.PosteriorDist.time_sample": {"result": [0.0021443531538049383, 0.019694375339895487, 0.022830843925476074], "stats": [{"ci_99": [0.0017114686779677868, 0.0022145601299901805], "q_25": 0.002126493336011966, "q_75": 0.002159577328711748, "min": 0.0017114686779677868, "max": 0.0022145601299901805, "mean": 0.002108369364092747, "std": 0.000134894994849975, "repeat": 10, "number": 6}, {"ci_99": [0.019167392514646053, 0.02045318018645048], "q_25": 0.019575472455471754, "q_75": 0.020166469737887383, "min": 0.019167392514646053, "max": 0.02045318018645048, "mean": 0.01982024610042572, "std": 0.0003778336301608918, "repeat": 10, "number": 1}, {"ci_99": [0.01915791444480419, 0.027599523775279522], "q_25": 0.01953080017119646, "q_75": 0.02738269418478012, "min": 0.01915791444480419, "max": 0.027599523775279522, "mean": 0.023320886585861445, "std": 0.0038792543612471537, "repeat": 10, "number": 1}], "params": [["'solution'", "'matrix'", "'matrix_inverse'"]]}, "random_variables.Functions.time_distr_functions": {"result": [8.471555202820543e-05, 8.52230466779106e-05, 7.390360055613691e-05, 7.711698833320823e-05, 0.00010145304700996303, 0.00010132822041798915, 0.003526843967847526, 0.0034748954698443414, 0.0007027487915295821, 0.0005488768465032703, 0.03912833658978343, 0.03898996068164706, 0.0005345037207007408, 0.0005332979781087488, 0.03874858655035496, 0.03895676974207163, 0.0005458143423311412, 0.000530528958494726, 0.0388863286934793, 0.03885275451466441], "stats": [{"ci_99": [8.409723671058477e-05, 8.58098757847891e-05], "q_25": 8.445005603450334e-05, "q_75": 8.550693943970283e-05, "min": 8.409723671058477e-05, "max": 8.58098757847891e-05, "mean": 8.494291707115658e-05, "std": 6.016301919629001e-07, "repeat": 10, "number": 118}, {"ci_99": [8.413541969681575e-05, 8.637525048876597e-05], "q_25": 8.465286174958403e-05, "q_75": 8.546059743370399e-05, "min": 8.413541969681575e-05, "max": 8.637525048876597e-05, "mean": 8.517501044495047e-05, "std": 6.686449653722612e-07, "repeat": 10, "number": 121}, {"ci_99": [7.356536731015156e-05, 7.433364725243436e-05], "q_25": 7.373878705131746e-05, "q_75": 7.41674129708405e-05, "min": 7.356536731015156e-05, "max": 7.433364725243436e-05, "mean": 7.393972567506951e-05, "std": 2.6133560877869426e-07, "repeat": 10, "number": 137}, {"ci_99": [7.673424801656178e-05, 7.79063773474523e-05], "q_25": 7.690023630857468e-05, "q_75": 7.714924868196249e-05, "min": 7.673424801656178e-05, "max": 7.79063773474523e-05, "mean": 7.71617323958448e-05, "std": 3.61088679102147e-07, "repeat": 10, "number": 140}, {"ci_99": [9.993239765680289e-05, 0.00013554968600031696], "q_25": 0.00010132240838830984, "q_75": 0.00010269856422290773, "min": 9.993239765680289e-05, "max": 0.00013554968600031696, "mean": 0.00010594956081690667, "std": 1.0402348937224943e-05, "repeat": 10, "number": 79}, {"ci_99": [9.975707091923271e-05, 0.00016842531372926066], "q_25": 0.00010054672852025501, "q_75": 0.00010657392808103136, "min": 9.975707091923271e-05, "max": 0.00016842531372926066, "mean": 0.00011016872179295336, "std": 2.0282974507445076e-05, "repeat": 10, "number": 56}, {"ci_99": [0.0016353675164282322, 0.006923564476892352], "q_25": 0.002939370519015938, "q_75": 0.004847638192586601, "min": 0.0016353675164282322, "max": 0.006923564476892352, "mean": 0.003829299146309495, "std": 0.0016181442596123012, "repeat": 10, "number": 4}, {"ci_99": [0.00189361572265625, 0.006454457528889179], "q_25": 0.003082030266523361, "q_75": 0.004959842283278704, "min": 0.00189361572265625, "max": 0.006454457528889179, "mean": 0.0038641268387436868, "std": 0.0014275833475567452, "repeat": 10, "number": 5}, {"ci_99": [0.0006919498197161234, 0.0008089640535987341], "q_25": 0.0007008950297649091, "q_75": 0.0007106386877309817, "min": 0.0006919498197161234, "max": 0.0008089640535987341, "mean": 0.000718423666862341, "std": 3.437185924429012e-05, "repeat": 10, "number": 13}, {"ci_99": [0.0005352711795192016, 0.0005647993499511166], "q_25": 0.0005391506894834732, "q_75": 0.000553697188335814, "min": 0.0005352711795192016, "max": 0.0005647993499511166, "mean": 0.0005476236441417744, "std": 8.832972891820971e-06, "repeat": 10, "number": 19}, {"ci_99": [0.03869245760142803, 0.039313080720603466], "q_25": 0.03891753498464823, "q_75": 0.03919445048086345, "min": 0.03869245760142803, "max": 0.039313080720603466, "mean": 0.03905996149405837, "std": 0.00019391676761534247, "repeat": 10, "number": 1}, {"ci_99": [0.03869143035262823, 0.040716949850320816], "q_25": 0.03891046089120209, "q_75": 0.03931908286176622, "min": 0.03869143035262823, "max": 0.040716949850320816, "mean": 0.03921924447640777, "std": 0.0005550320759839494, "repeat": 10, "number": 1}, {"ci_99": [0.0005295537994243205, 0.000684786238707602], "q_25": 0.0005321713106241077, "q_75": 0.0005467513110488653, "min": 0.0005295537994243205, "max": 0.000684786238707602, "mean": 0.0005527531029656529, "std": 4.503169888005349e-05, "repeat": 10, "number": 16}, {"ci_99": [0.000521921378094703, 0.0007986824493855238], "q_25": 0.0005289055698085576, "q_75": 0.0005468539311550558, "min": 0.000521921378094703, "max": 0.0007986824493855238, "mean": 0.0005631342413835227, "std": 7.974470291768803e-05, "repeat": 10, "number": 16}, {"ci_99": [0.03860906232148409, 0.03916942048817873], "q_25": 0.03866894310340285, "q_75": 0.038823945447802544, "min": 0.03860906232148409, "max": 0.03916942048817873, "mean": 0.038776445854455235, "std": 0.00015352722595516193, "repeat": 10, "number": 1}, {"ci_99": [0.038598920218646526, 0.03989830333739519], "q_25": 0.038735401816666126, "q_75": 0.0391996749676764, "min": 0.038598920218646526, "max": 0.03989830333739519, "mean": 0.039017184730619194, "std": 0.00038561732162638686, "repeat": 10, "number": 1}, {"ci_99": [0.0005247578956186771, 0.0006894170073792338], "q_25": 0.0005390179430833086, "q_75": 0.0005504920991370454, "min": 0.0005247578956186771, "max": 0.0006894170073792338, "mean": 0.00056915920577012, "std": 5.695736708929511e-05, "repeat": 10, "number": 16}, {"ci_99": [0.0005256455685747298, 0.0005373217557605944], "q_25": 0.0005267094208025618, "q_75": 0.0005321967121409742, "min": 0.0005256455685747298, "max": 0.0005373217557605944, "mean": 0.0005303932942057911, "std": 3.7556604969255725e-06, "repeat": 10, "number": 19}, {"ci_99": [0.038637785241007805, 0.04131429363042116], "q_25": 0.038755501387640834, "q_75": 0.0393157284706831, "min": 0.038637785241007805, "max": 0.04131429363042116, "mean": 0.03918640865013003, "std": 0.0007632399754139358, "repeat": 10, "number": 1}, {"ci_99": [0.03854292165488005, 0.04086776450276375], "q_25": 0.038800796028226614, "q_75": 0.038928409572690725, "min": 0.03854292165488005, "max": 0.04086776450276375, "mean": 0.0390231835655868, "std": 0.0006273848206974906, "repeat": 10, "number": 1}], "params": [["'univar_normal'", "'multivar_normal'", "'matrixvar_normal'", "'symmatrixvar_normal'", "'operatorvar_normal'"], ["'pdf'", "'logpdf'", "'cdf'", "'logcdf'"]]}, "random_variables.Sampling.time_sample": {"result": [6.216319690627807e-05, 0.00020901739597320557, 0.0017669190031786761, 0.03770782705396414, 0.040798814967274666],