{"results": {"ivpsolve.IVPSolve.time_solve": {"result": null, "params": [["'eks0'", "'ekf0'"], ["'with'", "'without'"], ["'ibm4'", "'ioup4'", "'matern92'"]]}, "linearsolvers.LinSolve.time_solve": {"result": [0.026855123229324818, 0.003998362148801485], "stats": [{"ci_99": [0.026702013798058033, 0.02695694286376238], "q_25": 0.026817867532372475, "q_75": 0.02693404583260417, "min": 0.026702013798058033, "max": 0.02695694286376238, "mean": 0.026861587073653936, "std": 7.631009698729803e-05, "repeat": 10, "number": 1}, {"ci_99": [0.003923637792468071, 0.004013812790314357], "q_25": 0.003973109880462289, "q_75": 0.004004377716531356, "min": 0.003923637792468071, "max": 0.004013812790314357, "mean": 0.00398617833852768, "std": 2.6688775276894477e-05, "repeat": 10, "number": 3}], "params": [["'sparse'", "'dense'"]]}, "linearsolvers.PosteriorDist.time_sample": {"result": [0.0015998271826122487, 0.022151635494083166, 0.020415129140019417], "stats": [{"ci_99": [0.00158915961427348, 0.001610582960503442], "q_25": 0.0015944190922060183, "q_75": 0.0016051045885043483, "min": 0.00158915961427348, "max": 0.001610582960503442, "mean": 0.0015996752306818962, "std": 7.065816748823105e-06, "repeat": 10, "number": 7}, {"ci_99": [0.019247855991125107, 0.026087871752679348], "q_25": 0.019381975987926126, "q_75": 0.02603087155148387, "min": 0.019247855991125107, "max": 0.026087871752679348, "mean": 0.022587095107883214, "std": 0.0032301832940902133, "repeat": 10, "number": 1}, {"ci_99": [0.02010494377464056, 0.027867785654962063], "q_25": 0.020360729191452265, "q_75": 0.02270885230973363, "min": 0.02010494377464056, "max": 0.027867785654962063, "mean": 0.022000681702047588, "std": 0.0026999012644057865, "repeat": 10, "number": 1}], "params": [["'solution'", "'matrix'", "'matrix_inverse'"]]}, "random_variables.Functions.time_distr_functions": {"result": [8.457831063424237e-05, 8.507161514788139e-05, 7.415724573784495e-05, 7.735316498871268e-05, 0.00010212194495673837, 0.00010243279597999757, 0.002677749469876289, 0.0028829112416133285, 0.0005403949933893541, 0.0005364325719282907, 0.03929059160873294, 0.039929707534611225, 0.0006011716949825103, 0.0005417767768869033, 0.03977439412847161, 0.039781033992767334, 0.0005273692145505372, 0.0005333593043570335, 0.039851210080087185, 0.03929862519726157], "stats": [{"ci_99": [8.357207116205245e-05, 8.539002010365948e-05], "q_25": 8.408632675127592e-05, "q_75": 8.503869867126923e-05, "min": 8.357207116205245e-05, "max": 8.539002010365948e-05, "mean": 8.450087843812071e-05, "std": 6.159584312941127e-07, "repeat": 10, "number": 128}, {"ci_99": [8.377205671333685e-05, 8.568776453413615e-05], "q_25": 8.469277318960767e-05, "q_75": 8.534768414570064e-05, "min": 8.377205671333685e-05, "max": 8.568776453413615e-05, "mean": 8.490170632314877e-05, "std": 6.244178379071617e-07, "repeat": 10, "number": 123}, {"ci_99": [7.341520809759832e-05, 7.487797140054507e-05], "q_25": 7.404089579996589e-05, "q_75": 7.433113036039349e-05, "min": 7.341520809759832e-05, "max": 7.487797140054507e-05, "mean": 7.420248505085299e-05, "std": 4.101438483466411e-07, "repeat": 10, "number": 146}, {"ci_99": [7.619521152364076e-05, 7.79825826957278e-05], "q_25": 7.659202801865818e-05, "q_75": 7.757926563711933e-05, "min": 7.619521152364076e-05, "max": 7.79825826957278e-05, "mean": 7.718274723330554e-05, "std": 6.112136380177702e-07, "repeat": 10, "number": 137}, {"ci_99": [0.0001001298780842074, 0.00014764221449350487], "q_25": 0.00010100636101359952, "q_75": 0.00010315350915208973, "min": 0.0001001298780842074, "max": 0.00014764221449350487, "mean": 0.0001091406793044559, "std": 1.5492977932713223e-05, "repeat": 10, "number": 58}, {"ci_99": [9.937074623609845e-05, 0.0001542286359165844], "q_25": 0.00010076226470501799, "q_75": 0.00010283019704123339, "min": 9.937074623609845e-05, "max": 0.0001542286359165844, "mean": 0.00010731162568717671, "std": 1.5745239204495942e-05, "repeat": 10, "number": 57}, {"ci_99": [0.0007678849622607231, 0.007622966915369034], "q_25": 0.0017991598695516584, "q_75": 0.007027602242305874, "min": 0.0007678849622607231, "max": 0.007622966915369034, "mean": 0.003989679124206304, "std": 0.0027960729611056913, "repeat": 10, "number": 5}, {"ci_99": [0.0007691264618188143, 0.007589624030515552], "q_25": 0.0016614084015600383, "q_75": 0.006180763128213584, "min": 0.0007691264618188143, "max": 0.007589624030515552, "mean": 0.0037007359089329837, "std": 0.0024767728990763432, "repeat": 10, "number": 4}, {"ci_99": [0.0005244717330617063, 0.0006407963331131375], "q_25": 0.0005330036339514395, "q_75": 0.0005683243575998966, "min": 0.0005244717330617063, "max": 0.0006407963331131375, "mean": 0.0005539502071983673, "std": 3.404469874044066e-05, "repeat": 10, "number": 17}, {"ci_99": [0.0005306570297654937, 0.0005686760825269363], "q_25": 0.0005329756668823607, "q_75": 0.0005369950222837574, "min": 0.0005306570297654937, "max": 0.0005686760825269363, "mean": 0.0005386246532640036, "std": 1.0537115443607493e-05, "repeat": 10, "number": 17}, {"ci_99": [0.03855009190738201, 0.04008058551698923], "q_25": 0.03880544891580939, "q_75": 0.03995048091746867, "min": 0.03855009190738201, "max": 0.04008058551698923, "mean": 0.03934945445507765, "std": 0.0005905718493190161, "repeat": 10, "number": 1}, {"ci_99": [0.03963245823979378, 0.040608745999634266], "q_25": 0.03989033401012421, "q_75": 0.04003987368196249, "min": 0.03963245823979378, "max": 0.040608745999634266, "mean": 0.04001399371773005, "std": 0.00029825182355079746, "repeat": 10, "number": 1}, {"ci_99": [0.0005099510487455588, 0.0007894251209038955], "q_25": 0.000525468852944099, "q_75": 0.0006765954805394778, "min": 0.0005099510487455588, "max": 0.0007894251209038955, "mean": 0.0006145596146010435, "std": 9.569497731523226e-05, "repeat": 10, "number": 13}, {"ci_99": [0.0005270099410643944, 0.0007905644866136404], "q_25": 0.000534762843297078, "q_75": 0.0005461815744638443, "min": 0.0005270099410643944, "max": 0.0007905644866136404, "mean": 0.0005679700738535477, "std": 7.581606416246957e-05, "repeat": 10, "number": 13}, {"ci_99": [0.039452314376831055, 0.03995516803115606], "q_25": 0.039634958608075976, "q_75": 0.03986139548942447, "min": 0.039452314376831055, "max": 0.03995516803115606, "mean": 0.03973417803645134, "std": 0.00016349222798098855, "repeat": 10, "number": 1}, {"ci_99": [0.03943890333175659, 0.04066590126603842], "q_25": 0.03969906596466899, "q_75": 0.04022026131860912, "min": 0.03943890333175659, "max": 0.04066590126603842, "mean": 0.03991949865594506, "std": 0.0003783700850551081, "repeat": 10, "number": 1}, {"ci_99": [0.000525177237303818, 0.0005785631673300968], "q_25": 0.0005258487208801158, "q_75": 0.0005335238323930431, "min": 0.000525177237303818, "max": 0.0005785631673300968, "mean": 0.0005343752584474928, "std": 1.5699930534050716e-05, "repeat": 10, "number": 17}, {"ci_99": [0.0005202202412944573, 0.0006441848639112252], "q_25": 0.0005260395566717937, "q_75": 0.0005465133581310511, "min": 0.0005202202412944573, "max": 0.0006441848639112252, "mean": 0.0005455072897558029, "std": 3.488809405832354e-05, "repeat": 10, "number": 13}, {"ci_99": [0.03933953773230314, 0.04034597333520651], "q_25": 0.03970224084332585, "q_75": 0.039931832579895854, "min": 0.03933953773230314, "max": 0.04034597333520651, "mean": 0.03981829425320029, "std": 0.0002545064949657146, "repeat": 10, "number": 1}, {"ci_99": [0.038838598877191544, 0.04026326537132263], "q_25": 0.038921269588172436, "q_75": 0.039795200107619166, "min": 0.038838598877191544, "max": 0.04026326537132263, "mean": 0.03939033066853881, "std": 0.0004812500483221423, "repeat": 10, "number": 1}], "params": [["'univar_normal'", "'multivar_normal'", "'matrixvar_normal'", "'symmatrixvar_normal'", "'operatorvar_normal'"], ["'pdf'", "'logpdf'", "'cdf'", "'logcdf'"]]}, "random_variables.Sampling.time_sample": {"result": [6.276019584302875e-05, 0.00021006406417914799, 0.0019911640168478093, 0.03763667959719896, 0.03786056023091078],