{"results": {"ivpsolve.IVPSolve.time_solve": {"result": null, "params": [["'eks0'", "'ekf0'"], ["'with'", "'without'"], ["'ibm4'", "'ioup4'", "'matern92'"]]}, "linearsolvers.LinSolve.time_solve": {"result": [0.027018116787075996, 0.003973848652094603], "stats": [{"ci_99": [0.02692819945514202, 0.027224154211580753], "q_25": 0.026967725483700633, "q_75": 0.027154639596119523, "min": 0.02692819945514202, "max": 0.027224154211580753, "mean": 0.027052575442939996, "std": 0.00011020582256203032, "repeat": 10, "number": 1}, {"ci_99": [0.003953010154267152, 0.004087137368818124], "q_25": 0.0039604065629343195, "q_75": 0.00397921958938241, "min": 0.003953010154267152, "max": 0.004087137368818124, "mean": 0.003981565001110236, "std": 3.6680765866983176e-05, "repeat": 10, "number": 3}], "params": [["'sparse'", "'dense'"]]}, "linearsolvers.PosteriorDist.time_sample": {"result": [0.0015687070554122329, 0.02330464031547308, 0.02792690321803093], "stats": [{"ci_99": [0.0015420670388266444, 0.0016100918874144554], "q_25": 0.0015489135985262692, "q_75": 0.0015797832456883043, "min": 0.0015420670388266444, "max": 0.0016100918874144554, "mean": 0.0015677339164540172, "std": 2.0395047475716528e-05, "repeat": 10, "number": 8}, {"ci_99": [0.01951899379491806, 0.028033080510795116], "q_25": 0.020136513747274876, "q_75": 0.027966496534645557, "min": 0.01951899379491806, "max": 0.028033080510795116, "mean": 0.023836028203368186, "std": 0.0038696661375520747, "repeat": 10, "number": 1}, {"ci_99": [0.02660132385790348, 0.028022900223731995], "q_25": 0.027847788762301207, "q_75": 0.02798639005050063, "min": 0.02660132385790348, "max": 0.028022900223731995, "mean": 0.027790180686861277, "std": 0.0004060349309275785, "repeat": 10, "number": 1}], "params": [["'solution'", "'matrix'", "'matrix_inverse'"]]}, "random_variables.Functions.time_distr_functions": {"result": [8.491474850955656e-05, 8.497999633772898e-05, 7.372338283997382e-05, 7.678480184775718e-05, 0.00010224216585529262, 0.00010165162218202437, 0.0035204525726536913, 0.003156860824674368, 0.0005468182767239901, 0.0005422789493904395, 0.04007221572101116, 0.03981589712202549, 0.0005364269018173218, 0.0005375845715976679, 0.03988605784252286, 0.03981230827048421, 0.0005364472476335673, 0.000543055512631933, 0.039803110994398594, 0.03950720885768533], "stats": [{"ci_99": [8.401504354709285e-05, 8.644929187277616e-05], "q_25": 8.478219881338083e-05, "q_75": 8.510037767306221e-05, "min": 8.401504354709285e-05, "max": 8.644929187277616e-05, "mean": 8.50095397840112e-05, "std": 6.77799405720921e-07, "repeat": 10, "number": 118}, {"ci_99": [8.353703039682518e-05, 8.600000765616611e-05], "q_25": 8.484515385165558e-05, "q_75": 8.551367771638147e-05, "min": 8.353703039682518e-05, "max": 8.600000765616611e-05, "mean": 8.501587198826215e-05, "std": 6.749406445012741e-07, "repeat": 10, "number": 118}, {"ci_99": [7.280569360421522e-05, 7.447303972975181e-05], "q_25": 7.31432521511821e-05, "q_75": 7.400471703523267e-05, "min": 7.280569360421522e-05, "max": 7.447303972975181e-05, "mean": 7.361118294244265e-05, "std": 5.333093052589549e-07, "repeat": 10, "number": 137}, {"ci_99": [7.587404432871663e-05, 7.713555708421883e-05], "q_25": 7.642582157983425e-05, "q_75": 7.694714590378686e-05, "min": 7.587404432871663e-05, "max": 7.713555708421883e-05, "mean": 7.66528347599591e-05, "std": 3.985724427995677e-07, "repeat": 10, "number": 141}, {"ci_99": [0.00010032107218586165, 0.00011714043673770181], "q_25": 0.00010109140441335481, "q_75": 0.00010267660375042208, "min": 0.00010032107218586165, "max": 0.00011714043673770181, "mean": 0.00010356237983395314, "std": 4.719498103057243e-06, "repeat": 10, "number": 58}, {"ci_99": [9.985208245260375e-05, 0.00015362861034061228], "q_25": 0.00010096424375660717, "q_75": 0.00010350956498379155, "min": 9.985208245260375e-05, "max": 0.00015362861034061228, "mean": 0.00010819993247943266, "std": 1.579390774428214e-05, "repeat": 10, "number": 56}, {"ci_99": [0.0013774468873937924, 0.005746491253376007], "q_25": 0.0029695976991206408, "q_75": 0.004614280536770821, "min": 0.0013774468873937924, "max": 0.005746491253376007, "mean": 0.003584310133010149, "std": 0.0013552558338494633, "repeat": 10, "number": 3}, {"ci_99": [0.0016245292499661446, 0.00573516854395469], "q_25": 0.0029076389813174805, "q_75": 0.0040572805640598135, "min": 0.0016245292499661446, "max": 0.00573516854395469, "mean": 0.0034220467942456404, "std": 0.001258720681760328, "repeat": 10, "number": 3}, {"ci_99": [0.0005350633739278867, 0.0006962824039734327], "q_25": 0.0005425876364685021, "q_75": 0.0005574994004116608, "min": 0.0005350633739278867, "max": 0.0006962824039734327, "mean": 0.0005638438850068129, "std": 4.540777001812871e-05, "repeat": 10, "number": 13}, {"ci_99": [0.000530494431800702, 0.0006319048321422408], "q_25": 0.0005388783345765928, "q_75": 0.0005458970691132194, "min": 0.000530494431800702, "max": 0.0006319048321422408, "mean": 0.0005518607959589538, "std": 2.8044766487988413e-05, "repeat": 10, "number": 17}, {"ci_99": [0.03974771220237017, 0.040286896750330925], "q_25": 0.03984092571772635, "q_75": 0.040178792318329215, "min": 0.03974771220237017, "max": 0.040286896750330925, "mean": 0.04001997634768486, "std": 0.00019074729266532276, "repeat": 10, "number": 1}, {"ci_99": [0.03900396265089512, 0.04184102639555931], "q_25": 0.03950092592276633, "q_75": 0.04003458935767412, "min": 0.03900396265089512, "max": 0.04184102639555931, "mean": 0.039906466566026214, "std": 0.0007180702264460743, "repeat": 10, "number": 1}, {"ci_99": [0.0005236753107359012, 0.0006808119360357523], "q_25": 0.0005286886007525027, "q_75": 0.0005479222745634615, "min": 0.0005236753107359012, "max": 0.0006808119360357523, "mean": 0.0005557164394607147, "std": 4.7178809551679526e-05, "repeat": 10, "number": 12}, {"ci_99": [0.000519119632931856, 0.0008135089077628576], "q_25": 0.0005312087730719494, "q_75": 0.000584844213265639, "min": 0.000519119632931856, "max": 0.0008135089077628576, "mean": 0.0005769339891580434, "std": 8.536300680046906e-05, "repeat": 10, "number": 13}, {"ci_99": [0.039556815288960934, 0.04071134515106678], "q_25": 0.039749688701704144, "q_75": 0.03994305734522641, "min": 0.039556815288960934, "max": 0.04071134515106678, "mean": 0.03991716140881181, "std": 0.0002980157434787495, "repeat": 10, "number": 1}, {"ci_99": [0.03959374502301216, 0.04017338436096907], "q_25": 0.03972757374867797, "q_75": 0.039859066484496, "min": 0.03959374502301216, "max": 0.04017338436096907, "mean": 0.03981184978038073, "std": 0.00015321071212348784, "repeat": 10, "number": 1}, {"ci_99": [0.0005281543932282007, 0.0007043043867899821], "q_25": 0.0005303847316939097, "q_75": 0.0005785302223207859, "min": 0.0005281543932282007, "max": 0.0007043043867899821, "mean": 0.0005654470565227362, "std": 5.637117235867546e-05, "repeat": 10, "number": 13}, {"ci_99": [0.000530317813778917, 0.0007523491512984037], "q_25": 0.0005339814427619179, "q_75": 0.0005525615997612476, "min": 0.000530317813778917, "max": 0.0007523491512984037, "mean": 0.00056916408551236, "std": 6.602783030342992e-05, "repeat": 10, "number": 12}, {"ci_99": [0.03954784478992224, 0.04036189056932926], "q_25": 0.039682582253590226, "q_75": 0.03996452270075679, "min": 0.03954784478992224, "max": 0.04036189056932926, "mean": 0.03988230070099234, "std": 0.00026505919319664276, "repeat": 10, "number": 1}, {"ci_99": [0.038894482888281345, 0.03994576446712017], "q_25": 0.03919258201494813, "q_75": 0.03977780044078827, "min": 0.038894482888281345, "max": 0.03994576446712017, "mean": 0.0394878170453012, "std": 0.0003442021417120204, "repeat": 10, "number": 1}], "params": [["'univar_normal'", "'multivar_normal'", "'matrixvar_normal'", "'symmatrixvar_normal'", "'operatorvar_normal'"], ["'pdf'", "'logpdf'", "'cdf'", "'logcdf'"]]}, "random_variables.Sampling.time_sample": {"result": [6.233969713840107e-05, 0.0002096684777415266, 0.001992791425436735, 0.03805057378485799, 0.03786125034093857],