{"results": {"ivpsolve.IVPSolve.time_solve": {"result": null, "params": [["'eks0'", "'ekf0'"], ["'with'", "'without'"], ["'ibm4'", "'ioup4'", "'matern92'"]]}, "linearsolvers.LinSolve.time_solve": {"result": [0.02694818004965782, 0.003967591871817907], "stats": [{"ci_99": [0.02688936796039343, 0.027233959175646305], "q_25": 0.02692750096321106, "q_75": 0.027004314586520195, "min": 0.02688936796039343, "max": 0.027233959175646305, "mean": 0.02698684325441718, "std": 9.653892487984466e-05, "repeat": 10, "number": 1}, {"ci_99": [0.0039582935472329455, 0.003976615145802498], "q_25": 0.003965386732791861, "q_75": 0.0039707877828429146, "min": 0.0039582935472329455, "max": 0.003976615145802498, "mean": 0.003967861893276374, "std": 4.745988545879485e-06, "repeat": 10, "number": 3}], "params": [["'sparse'", "'dense'"]]}, "linearsolvers.PosteriorDist.time_sample": {"result": [0.0021675281071414547, 0.023591887205839157, 0.01959872618317604], "stats": [{"ci_99": [0.002151872186611096, 0.00230213130513827], "q_25": 0.00215987969810764, "q_75": 0.0021834391712521515, "min": 0.002151872186611096, "max": 0.00230213130513827, "mean": 0.002181787990654508, "std": 4.18360862772305e-05, "repeat": 10, "number": 6}, {"ci_99": [0.020071973092854023, 0.02692158054560423], "q_25": 0.02060342929325998, "q_75": 0.026708683231845498, "min": 0.020071973092854023, "max": 0.02692158054560423, "mean": 0.02360085928812623, "std": 0.003130455653568799, "repeat": 10, "number": 1}, {"ci_99": [0.019271016120910645, 0.01962601486593485], "q_25": 0.019518759101629257, "q_75": 0.019612243864685297, "min": 0.019271016120910645, "max": 0.01962601486593485, "mean": 0.019531609304249287, "std": 0.00012063907782884072, "repeat": 10, "number": 1}], "params": [["'solution'", "'matrix'", "'matrix_inverse'"]]}, "random_variables.Functions.time_distr_functions": {"result": [8.994669669532571e-05, 8.638283610343933e-05, 7.554039497066427e-05, 8.106541337214246e-05, 0.00010417515877634287, 0.00010493936186487024, 0.006155228009447455, 0.0061668227426707745, 0.0005612971905905467, 0.0005421572714112699, 0.04033073969185352, 0.03910479415208101, 0.0005404688126873225, 0.0005461650046830376, 0.03873775340616703, 0.03896136675029993, 0.0005456290285413464, 0.0005433369078673422, 0.03885252587497234, 0.03885417943820357], "stats": [{"ci_99": [8.569678677053287e-05, 9.205277431113967e-05], "q_25": 8.692012513698689e-05, "q_75": 9.176878314786431e-05, "min": 8.569678677053287e-05, "max": 9.205277431113967e-05, "mean": 8.934333374531105e-05, "std": 2.5301349011789086e-06, "repeat": 10, "number": 116}, {"ci_99": [8.593335747718812e-05, 8.727844804525376e-05], "q_25": 8.613657951354981e-05, "q_75": 8.661729283630847e-05, "min": 8.593335747718812e-05, "max": 8.727844804525376e-05, "mean": 8.6434967815876e-05, "std": 3.8019577498815806e-07, "repeat": 10, "number": 125}, {"ci_99": [7.523309991315559e-05, 7.584213658615395e-05], "q_25": 7.543645592199432e-05, "q_75": 7.578105044861634e-05, "min": 7.523309991315559e-05, "max": 7.584213658615395e-05, "mean": 7.556898657370498e-05, "std": 2.1503013136607783e-07, "repeat": 10, "number": 135}, {"ci_99": [7.818162740364561e-05, 8.526402287674647e-05], "q_25": 7.844969365120369e-05, "q_75": 8.391334512101038e-05, "min": 7.818162740364561e-05, "max": 8.526402287674647e-05, "mean": 8.124363248365639e-05, "std": 2.8872366114724525e-06, "repeat": 10, "number": 137}, {"ci_99": [0.00010359339648857713, 0.00012784108985215427], "q_25": 0.00010394724376965313, "q_75": 0.00010656304657459259, "min": 0.00010359339648857713, "max": 0.00012784108985215427, "mean": 0.00010865346994251011, "std": 8.632317867514202e-06, "repeat": 10, "number": 80}, {"ci_99": [0.00010391610928557135, 0.0001620370556007732], "q_25": 0.00010428504849022085, "q_75": 0.00010958079417998141, "min": 0.00010391610928557135, "max": 0.0001620370556007732, "mean": 0.00011193361133337021, "std": 1.701230028782119e-05, "repeat": 10, "number": 55}, {"ci_99": [0.0008004670962691307, 0.007633667439222336], "q_25": 0.004774826113134623, "q_75": 0.0072884258115664124, "min": 0.0008004670962691307, "max": 0.007633667439222336, "mean": 0.005270098662003874, "std": 0.002438915935336452, "repeat": 10, "number": 2}, {"ci_99": [0.0008099903352558613, 0.00755731388926506], "q_25": 0.004787020734511316, "q_75": 0.007109825732186437, "min": 0.0008099903352558613, "max": 0.00755731388926506, "mean": 0.005267951358109713, "std": 0.0023278279015278122, "repeat": 10, "number": 2}, {"ci_99": [0.0005428998086314935, 0.0006596433858458812], "q_25": 0.000552988163410471, "q_75": 0.0005738613410637928, "min": 0.0005428998086314935, "max": 0.0006596433858458812, "mean": 0.0005735959427861067, "std": 3.3945572625957076e-05, "repeat": 10, "number": 13}, {"ci_99": [0.0005363731761462986, 0.0006392725044861436], "q_25": 0.0005395347980083898, "q_75": 0.0005449371674330905, "min": 0.0005363731761462986, "max": 0.0006392725044861436, "mean": 0.0005580960307270289, "std": 3.509878771525763e-05, "repeat": 10, "number": 16}, {"ci_99": [0.03863771166652441, 0.04122214578092098], "q_25": 0.03911497537046671, "q_75": 0.04114106576889753, "min": 0.03863771166652441, "max": 0.04122214578092098, "mean": 0.0401105310767889, "std": 0.0010354074013776823, "repeat": 10, "number": 1}, {"ci_99": [0.0388193903490901, 0.03946308232843876], "q_25": 0.03898373362608254, "q_75": 0.039253223687410355, "min": 0.0388193903490901, "max": 0.03946308232843876, "mean": 0.03911583488807082, "std": 0.00018862537099759968, "repeat": 10, "number": 1}, {"ci_99": [0.0005357016925700009, 0.0005787124391645193], "q_25": 0.0005381235241657123, "q_75": 0.0005476410005940124, "min": 0.0005357016925700009, "max": 0.0005787124391645193, "mean": 0.0005466193077154457, "std": 1.3400091083539654e-05, "repeat": 10, "number": 16}, {"ci_99": [0.0005361064492414395, 0.0008101480392118295], "q_25": 0.0005408032254005472, "q_75": 0.0005550986194672684, "min": 0.0005361064492414395, "max": 0.0008101480392118295, "mean": 0.0005805779869357744, "std": 8.174372244128249e-05, "repeat": 10, "number": 12}, {"ci_99": [0.03845712263137102, 0.03918695356696844], "q_25": 0.03864890499971807, "q_75": 0.038874952821061015, "min": 0.03845712263137102, "max": 0.03918695356696844, "mean": 0.03877879092469812, "std": 0.0001947391707814572, "repeat": 10, "number": 1}, {"ci_99": [0.03834626171737909, 0.03948451858013868], "q_25": 0.038890611845999956, "q_75": 0.03898046864196658, "min": 0.03834626171737909, "max": 0.03948451858013868, "mean": 0.03895646445453167, "std": 0.00027751070365789987, "repeat": 10, "number": 1}, {"ci_99": [0.0005340276596446832, 0.0006115955766290426], "q_25": 0.0005408993068461617, "q_75": 0.0005507480236701667, "min": 0.0005340276596446832, "max": 0.0006115955766290426, "mean": 0.0005555859999731183, "std": 2.5419685800558776e-05, "repeat": 10, "number": 12}, {"ci_99": [0.000531831115949899, 0.0006063946057111025], "q_25": 0.000539225191459991, "q_75": 0.0005442403780762106, "min": 0.000531831115949899, "max": 0.0006063946057111025, "mean": 0.0005504181375727057, "std": 2.2371140315353073e-05, "repeat": 10, "number": 16}, {"ci_99": [0.03843958210200071, 0.039977191016077995], "q_25": 0.03871364542283118, "q_75": 0.03899594605900347, "min": 0.03843958210200071, "max": 0.039977191016077995, "mean": 0.03901198050007224, "std": 0.0005063208336400835, "repeat": 10, "number": 1}, {"ci_99": [0.03852199763059616, 0.03908165264874697], "q_25": 0.03872899943962693, "q_75": 0.03896673256531358, "min": 0.03852199763059616, "max": 0.03908165264874697, "mean": 0.03883935585618019, "std": 0.00015717244960691723, "repeat": 10, "number": 1}], "params": [["'univar_normal'", "'multivar_normal'", "'matrixvar_normal'", "'symmatrixvar_normal'", "'operatorvar_normal'"], ["'pdf'", "'logpdf'", "'cdf'", "'logcdf'"]]}, "random_variables.Sampling.time_sample": {"result": [6.529755113314998e-05, 0.00020897566169804458, 0.0020503313280642033, 0.038028009701520205, 0.037837662268429995],