{"results": {"ivpsolve.IVPSolve.time_solve": {"result": null, "params": [["'eks0'", "'ekf0'"], ["'with'", "'without'"], ["'ibm4'", "'ioup4'", "'matern92'"]]}, "linearsolvers.LinSolve.time_solve": {"result": [0.026970232371240854, 0.003979873843491077], "stats": [{"ci_99": [0.026839003898203373, 0.027059984393417835], "q_25": 0.026925217360258102, "q_75": 0.02702765306457877, "min": 0.026839003898203373, "max": 0.027059984393417835, "mean": 0.026967423036694527, "std": 7.058163742465412e-05, "repeat": 10, "number": 1}, {"ci_99": [0.003926091206570466, 0.004017689575751622], "q_25": 0.003970908544336756, "q_75": 0.003984024437765281, "min": 0.003926091206570466, "max": 0.004017689575751622, "mean": 0.003974748775362969, "std": 2.2812607426059377e-05, "repeat": 10, "number": 3}], "params": [["'sparse'", "'dense'"]]}, "linearsolvers.PosteriorDist.time_sample": {"result": [0.002073086875801285, 0.0221126489341259, 0.022357143461704254], "stats": [{"ci_99": [0.002036105220516523, 0.0021000715593496957], "q_25": 0.0020500144843632975, "q_75": 0.0020864307104299464, "min": 0.002036105220516523, "max": 0.0021000715593496957, "mean": 0.002068871725350618, "std": 2.0952968694434588e-05, "repeat": 10, "number": 6}, {"ci_99": [0.01900361943989992, 0.026499581523239613], "q_25": 0.019140890333801508, "q_75": 0.026428421726450324, "min": 0.01900361943989992, "max": 0.026499581523239613, "mean": 0.022640972584486007, "std": 0.0035443197697439025, "repeat": 10, "number": 1}, {"ci_99": [0.019330637529492378, 0.026456196792423725], "q_25": 0.019491607090458274, "q_75": 0.02641242486424744, "min": 0.019330637529492378, "max": 0.026456196792423725, "mean": 0.02282367842271924, "std": 0.0033728803423742973, "repeat": 10, "number": 1}], "params": [["'solution'", "'matrix'", "'matrix_inverse'"]]}, "random_variables.Functions.time_distr_functions": {"result": [8.442695820476951e-05, 8.459435412078165e-05, 7.461283668658159e-05, 7.733519651464649e-05, 0.00010376569014369395, 0.00010108601504770836, 0.002987711690366268, 0.0030279895290732384, 0.0005561379172528784, 0.0005394490144681185, 0.03985913936048746, 0.03970223478972912, 0.0005433150352193759, 0.0005282142254359583, 0.039731286466121674, 0.03968945890665054, 0.000531059665311324, 0.0005326757494073648, 0.0397572610527277, 0.040253653191030025], "stats": [{"ci_99": [8.345573262228229e-05, 8.604408249380143e-05], "q_25": 8.375207302955593e-05, "q_75": 8.502848469084356e-05, "min": 8.345573262228229e-05, "max": 8.604408249380143e-05, "mean": 8.444987252596918e-05, "std": 7.931365397462413e-07, "repeat": 10, "number": 123}, {"ci_99": [8.402740786550567e-05, 8.628850628156215e-05], "q_25": 8.42274948809063e-05, "q_75": 8.541189890820533e-05, "min": 8.402740786550567e-05, "max": 8.628850628156215e-05, "mean": 8.484288773615844e-05, "std": 7.21918692965339e-07, "repeat": 10, "number": 128}, {"ci_99": [7.34497677453243e-05, 7.528027206876853e-05], "q_25": 7.421385843551507e-05, "q_75": 7.464989414778504e-05, "min": 7.34497677453243e-05, "max": 7.528027206876853e-05, "mean": 7.445260569670774e-05, "std": 4.850973502089568e-07, "repeat": 10, "number": 137}, {"ci_99": [7.637216989602243e-05, 7.769710976969112e-05], "q_25": 7.682133765591609e-05, "q_75": 7.747979411347346e-05, "min": 7.637216989602243e-05, "max": 7.769710976969112e-05, "mean": 7.71880488504063e-05, "std": 4.3968127794914415e-07, "repeat": 10, "number": 143}, {"ci_99": [0.00010096829123141473, 0.0001801548754436928], "q_25": 0.00010254772853825176, "q_75": 0.00010709850150242188, "min": 0.00010096829123141473, "max": 0.0001801548754436928, "mean": 0.00011417759876502189, "std": 2.359325152152902e-05, "repeat": 10, "number": 57}, {"ci_99": [9.899858459092603e-05, 0.00011475853585075624], "q_25": 0.00010008650306280297, "q_75": 0.00010431203115178215, "min": 9.899858459092603e-05, "max": 0.00011475853585075624, "mean": 0.00010307077410640104, "std": 4.695885943444395e-06, "repeat": 10, "number": 101}, {"ci_99": [0.0007966747507452965, 0.007712481543421745], "q_25": 0.001667628763243556, "q_75": 0.004786431323736906, "min": 0.0007966747507452965, "max": 0.007712481543421745, "mean": 0.003578372299671173, "std": 0.002430519858469032, "repeat": 10, "number": 1}, {"ci_99": [0.0008087158203125, 0.00757222156971693], "q_25": 0.001646852819249034, "q_75": 0.004787676967680454, "min": 0.0008087158203125, "max": 0.00757222156971693, "mean": 0.0035685899667441843, "std": 0.0024126685836651112, "repeat": 10, "number": 1}, {"ci_99": [0.0005477114270130793, 0.0008036116293321053], "q_25": 0.0005529923170494536, "q_75": 0.0005723262050499519, "min": 0.0005477114270130793, "max": 0.0008036116293321053, "mean": 0.000599506877673169, "std": 8.782776410233838e-05, "repeat": 10, "number": 12}, {"ci_99": [0.000522931688465178, 0.0005845676641911268], "q_25": 0.0005362537631299347, "q_75": 0.0005440094391815364, "min": 0.000522931688465178, "max": 0.0005845676641911268, "mean": 0.0005450297612696886, "std": 1.751176346175781e-05, "repeat": 10, "number": 16}, {"ci_99": [0.03974237199872732, 0.04011839721351862], "q_25": 0.03980034636333585, "q_75": 0.03993309219367802, "min": 0.03974237199872732, "max": 0.04011839721351862, "mean": 0.03989136088639498, "std": 0.00011959257968052334, "repeat": 10, "number": 1}, {"ci_99": [0.039225682616233826, 0.04059087857604027], "q_25": 0.0392988792154938, "q_75": 0.039868762250989676, "min": 0.039225682616233826, "max": 0.04059087857604027, "mean": 0.03970505176112056, "std": 0.00042186783268193965, "repeat": 10, "number": 1}, {"ci_99": [0.000521123122710448, 0.0006221445420613656], "q_25": 0.0005323797858391816, "q_75": 0.0005508784133081253, "min": 0.000521123122710448, "max": 0.0006221445420613656, "mean": 0.000553924310952425, "std": 3.340941405500332e-05, "repeat": 10, "number": 13}, {"ci_99": [0.0005171841339153401, 0.0005840074051828945], "q_25": 0.000523752108325853, "q_75": 0.0005413349580896251, "min": 0.0005171841339153401, "max": 0.0005840074051828945, "mean": 0.000535566168015494, "std": 1.840425285485001e-05, "repeat": 10, "number": 17}, {"ci_99": [0.03957098163664341, 0.039938163943588734], "q_25": 0.03964314330369234, "q_75": 0.03984817350283265, "min": 0.03957098163664341, "max": 0.039938163943588734, "mean": 0.039745984505861996, "std": 0.00012965168833010238, "repeat": 10, "number": 1}, {"ci_99": [0.03952298033982515, 0.04000228177756071], "q_25": 0.039649009238928556, "q_75": 0.03987828781828284, "min": 0.03952298033982515, "max": 0.04000228177756071, "mean": 0.03974555507302284, "std": 0.00015029853873407988, "repeat": 10, "number": 1}, {"ci_99": [0.0005199448940785308, 0.0005474421930940528], "q_25": 0.0005230343361434184, "q_75": 0.0005393384735247023, "min": 0.0005199448940785308, "max": 0.0005474421930940528, "mean": 0.000532000786379764, "std": 9.094413703422735e-06, "repeat": 10, "number": 19}, {"ci_99": [0.000527103073321856, 0.0006796963369617095], "q_25": 0.0005291892537990441, "q_75": 0.0005357528750139934, "min": 0.000527103073321856, "max": 0.0006796963369617095, "mean": 0.0005596685581482373, "std": 5.66847751337386e-05, "repeat": 10, "number": 13}, {"ci_99": [0.039567901752889156, 0.040956154465675354], "q_25": 0.03966102609410882, "q_75": 0.03989679738879204, "min": 0.039567901752889156, "max": 0.040956154465675354, "mean": 0.03986481409519911, "std": 0.0003847621314086315, "repeat": 10, "number": 1}, {"ci_99": [0.039575240574777126, 0.04093806818127632], "q_25": 0.0397724281065166, "q_75": 0.04066582699306309, "min": 0.039575240574777126, "max": 0.04093806818127632, "mean": 0.040242053009569644, "std": 0.0004970434869097895, "repeat": 10, "number": 1}], "params": [["'univar_normal'", "'multivar_normal'", "'matrixvar_normal'", "'symmatrixvar_normal'", "'operatorvar_normal'"], ["'pdf'", "'logpdf'", "'cdf'", "'logcdf'"]]}, "random_variables.Sampling.time_sample": {"result": [6.191489788202138e-05, 0.00020764015761076237, 0.0020233005440483494, 0.03775832476094365, 0.037813660223037004],