{"results": {"ivpsolve.IVPSolve.time_solve": {"result": null, "params": [["'eks0'", "'ekf0'"], ["'with'", "'without'"], ["'ibm4'", "'ioup4'", "'matern92'"]]}, "linearsolvers.LinSolve.time_solve": {"result": [0.026821702253073454, 0.003977109057207903], "stats": [{"ci_99": [0.02670447714626789, 0.02712035644799471], "q_25": 0.026757751358672976, "q_75": 0.02689114212989807, "min": 0.02670447714626789, "max": 0.02712035644799471, "mean": 0.026842095702886582, "std": 0.00011312417522370009, "repeat": 10, "number": 1}, {"ci_99": [0.003954454946021239, 0.0040443943192561465], "q_25": 0.003965803033982714, "q_75": 0.004019866619880001, "min": 0.003954454946021239, "max": 0.0040443943192561465, "mean": 0.003990586598714192, "std": 3.1780681314348055e-05, "repeat": 10, "number": 3}], "params": [["'sparse'", "'dense'"]]}, "linearsolvers.PosteriorDist.time_sample": {"result": [0.0021164469265689454, 0.020087374839931726, 0.020729254465550184], "stats": [{"ci_99": [0.002084457936386267, 0.0021541411988437176], "q_25": 0.0021075302502140403, "q_75": 0.002140780173552533, "min": 0.002084457936386267, "max": 0.0021541411988437176, "mean": 0.002122249935443203, "std": 2.1934004983146125e-05, "repeat": 10, "number": 6}, {"ci_99": [0.019397218711674213, 0.020917478948831558], "q_25": 0.019798130495473742, "q_75": 0.020702533656731248, "min": 0.019397218711674213, "max": 0.020917478948831558, "mean": 0.020202994346618652, "std": 0.0005133818833349482, "repeat": 10, "number": 1}, {"ci_99": [0.02023259364068508, 0.027956543490290642], "q_25": 0.020621215226128697, "q_75": 0.02081364835612476, "min": 0.02023259364068508, "max": 0.027956543490290642, "mean": 0.021935754641890525, "std": 0.0026270186958095875, "repeat": 10, "number": 1}], "params": [["'solution'", "'matrix'", "'matrix_inverse'"]]}, "random_variables.Functions.time_distr_functions": {"result": [8.357365004485473e-05, 8.369081964095434e-05, 7.287206141449881e-05, 7.582156565682641e-05, 0.00010309284437953691, 0.0001098845140929793, 0.0018534764337042966, 0.0018545114435255527, 0.0005430647288449109, 0.0005248451780062169, 0.038953387178480625, 0.03997032577171922, 0.0005284561775624752, 0.000515730120241642, 0.03877204190939665, 0.038853850681334734, 0.0005294325618216625, 0.0005307227838784456, 0.039923430886119604, 0.03881028946489096], "stats": [{"ci_99": [8.30504359328188e-05, 8.488089952152222e-05], "q_25": 8.324088958033826e-05, "q_75": 8.385170440305956e-05, "min": 8.30504359328188e-05, "max": 8.488089952152222e-05, "mean": 8.363435626961291e-05, "std": 5.260970840230162e-07, "repeat": 10, "number": 128}, {"ci_99": [8.339944562708685e-05, 8.437023750802343e-05], "q_25": 8.347686452343483e-05, "q_75": 8.406323496281176e-05, "min": 8.339944562708685e-05, "max": 8.437023750802343e-05, "mean": 8.37819910673208e-05, "std": 3.287182023224349e-07, "repeat": 10, "number": 129}, {"ci_99": [7.248827064713688e-05, 7.312781184066272e-05], "q_25": 7.274001176264268e-05, "q_75": 7.306255320919322e-05, "min": 7.248827064713688e-05, "max": 7.312781184066272e-05, "mean": 7.285943241618205e-05, "std": 2.1034637175612455e-07, "repeat": 10, "number": 141}, {"ci_99": [7.52455522787982e-05, 7.656008518975357e-05], "q_25": 7.550480518618533e-05, "q_75": 7.605859528070894e-05, "min": 7.52455522787982e-05, "max": 7.656008518975357e-05, "mean": 7.583172799184404e-05, "std": 4.277595429625047e-07, "repeat": 10, "number": 145}, {"ci_99": [9.990549059929672e-05, 0.0001351831273900138], "q_25": 0.00010201837695031254, "q_75": 0.00010972513736766062, "min": 9.990549059929672e-05, "max": 0.0001351831273900138, "mean": 0.00010798734923203783, "std": 1.0400469544098934e-05, "repeat": 10, "number": 81}, {"ci_99": [0.00010050236391769328, 0.00011226707990740387], "q_25": 0.00010202586008104641, "q_75": 0.00011042832121462889, "min": 0.00010050236391769328, "max": 0.00011226707990740387, "mean": 0.00010707943870777816, "std": 4.537824485256643e-06, "repeat": 10, "number": 71}, {"ci_99": [0.001339805933336417, 0.00662612480421861], "q_25": 0.0016118728866179783, "q_75": 0.005318130444114407, "min": 0.001339805933336417, "max": 0.00662612480421861, "mean": 0.0032117483826975025, "std": 0.002167743648423191, "repeat": 10, "number": 3}, {"ci_99": [0.0010544319326678913, 0.0066247616584102316], "q_25": 0.0016262195228288572, "q_75": 0.005021538507814209, "min": 0.0010544319326678913, "max": 0.0066247616584102316, "mean": 0.003151855307320754, "std": 0.002026385948900616, "repeat": 10, "number": 3}, {"ci_99": [0.0005209789960645139, 0.0006454860558733344], "q_25": 0.0005219258746365085, "q_75": 0.0005509733018698171, "min": 0.0005209789960645139, "max": 0.0006454860558733344, "mean": 0.000549520953791216, "std": 3.624157001529634e-05, "repeat": 10, "number": 16}, {"ci_99": [0.0005098790279589593, 0.0007794962148182094], "q_25": 0.0005198104045120999, "q_75": 0.0005297569732647389, "min": 0.0005098790279589593, "max": 0.0007794962148182094, "mean": 0.0005706489318981767, "std": 9.744839033391778e-05, "repeat": 10, "number": 16}, {"ci_99": [0.038750212639570236, 0.03913448750972748], "q_25": 0.03886590409092605, "q_75": 0.039010691456496716, "min": 0.038750212639570236, "max": 0.03913448750972748, "mean": 0.03894912283867598, "std": 0.00011066950741853257, "repeat": 10, "number": 1}, {"ci_99": [0.03875838592648506, 0.041675602085888386], "q_25": 0.03899742057546973, "q_75": 0.040813128696754575, "min": 0.03875838592648506, "max": 0.041675602085888386, "mean": 0.03999383794143796, "std": 0.001027511123253204, "repeat": 10, "number": 1}, {"ci_99": [0.0005203301552683115, 0.0007190985488705337], "q_25": 0.0005260391480987892, "q_75": 0.0005522279680008069, "min": 0.0005203301552683115, "max": 0.0007190985488705337, "mean": 0.0005543784005567432, "std": 5.8100118079385885e-05, "repeat": 10, "number": 16}, {"ci_99": [0.0005121371941640973, 0.0006105061620473862], "q_25": 0.0005135524843353778, "q_75": 0.0005173523968551308, "min": 0.0005121371941640973, "max": 0.0006105061620473862, "mean": 0.0005293435940984636, "std": 3.0840316930121845e-05, "repeat": 10, "number": 16}, {"ci_99": [0.03849390149116516, 0.039109776727855206], "q_25": 0.03869429393671453, "q_75": 0.039026328129693866, "min": 0.03849390149116516, "max": 0.039109776727855206, "mean": 0.038820181228220466, "std": 0.00020065085381661281, "repeat": 10, "number": 1}, {"ci_99": [0.038580684922635555, 0.04002006445080042], "q_25": 0.038798301480710506, "q_75": 0.038945578737184405, "min": 0.038580684922635555, "max": 0.04002006445080042, "mean": 0.038974881172180176, "std": 0.00038761022423989796, "repeat": 10, "number": 1}, {"ci_99": [0.0005189868836448743, 0.0006152213049622682], "q_25": 0.0005220422306312965, "q_75": 0.0005380702563203298, "min": 0.0005189868836448743, "max": 0.0006152213049622682, "mean": 0.0005409425912568202, "std": 2.9508582357598203e-05, "repeat": 10, "number": 13}, {"ci_99": [0.0005212179385125637, 0.0007177318329922855], "q_25": 0.0005241424951236695, "q_75": 0.0005339844501577318, "min": 0.0005212179385125637, "max": 0.0007177318329922855, "mean": 0.0005487745569553226, "std": 5.680140731087461e-05, "repeat": 10, "number": 16}, {"ci_99": [0.03868635091930628, 0.041335126385092735], "q_25": 0.03878807183355093, "q_75": 0.040649978909641504, "min": 0.03868635091930628, "max": 0.041335126385092735, "mean": 0.03982082149013877, "std": 0.0009974922189087305, "repeat": 10, "number": 1}, {"ci_99": [0.038538950495421886, 0.04024261794984341], "q_25": 0.03870090772397816, "q_75": 0.0390107030980289, "min": 0.038538950495421886, "max": 0.04024261794984341, "mean": 0.03894915683194995, "std": 0.0004659541056762692, "repeat": 10, "number": 1}], "params": [["'univar_normal'", "'multivar_normal'", "'matrixvar_normal'", "'symmatrixvar_normal'", "'operatorvar_normal'"], ["'pdf'", "'logpdf'", "'cdf'", "'logcdf'"]]}, "random_variables.Sampling.time_sample": {"result": [6.300116963456013e-05, 0.00020843374435431682, 0.002007792820222676, 0.03782882681116462, 0.03765208600088954],