{"results": {"ivpsolve.IVPSolve.time_solve": {"result": null, "params": [["'eks0'", "'ekf0'"], ["'with'", "'without'"], ["'ibm4'", "'ioup4'", "'matern92'"]]}, "linearsolvers.LinSolve.time_solve": {"result": [0.02685933094471693, 0.003964601395030817], "stats": [{"ci_99": [0.02678387425839901, 0.027176271192729473], "q_25": 0.0268462838139385, "q_75": 0.026912747183814645, "min": 0.02678387425839901, "max": 0.027176271192729473, "mean": 0.02689993642270565, "std": 0.00010579872168689692, "repeat": 10, "number": 1}, {"ci_99": [0.003910556435585022, 0.003982411076625188], "q_25": 0.003936740181719263, "q_75": 0.0039672999021907645, "min": 0.003910556435585022, "max": 0.003982411076625188, "mean": 0.003954056619356076, "std": 2.3034428210874203e-05, "repeat": 10, "number": 3}], "params": [["'sparse'", "'dense'"]]}, "linearsolvers.PosteriorDist.time_sample": {"result": [0.0021132450395574174, 0.026412748266011477, 0.026172032579779625], "stats": [{"ci_99": [0.0021058105242749057, 0.0021430946265657744], "q_25": 0.002109465072862804, "q_75": 0.0021227665323143205, "min": 0.0021058105242749057, "max": 0.0021430946265657744, "mean": 0.0021179774465660255, "std": 1.2089658309538555e-05, "repeat": 10, "number": 6}, {"ci_99": [0.02522086538374424, 0.02697825524955988], "q_25": 0.02624890487641096, "q_75": 0.02683435706421733, "min": 0.02522086538374424, "max": 0.02697825524955988, "mean": 0.026415253151208164, "std": 0.0004908529493110776, "repeat": 10, "number": 1}, {"ci_99": [0.025680544786155224, 0.02704820316284895], "q_25": 0.02607470122165978, "q_75": 0.026543844491243362, "min": 0.025680544786155224, "max": 0.02704820316284895, "mean": 0.02626876439899206, "std": 0.0003907773574438993, "repeat": 10, "number": 1}], "params": [["'solution'", "'matrix'", "'matrix_inverse'"]]}, "random_variables.Functions.time_distr_functions": {"result": [8.507425926866069e-05, 8.537581821611105e-05, 7.448284383359792e-05, 7.747146574889913e-05, 0.00010183002260104519, 0.00010478002950549125, 0.0058381762355566025, 0.005233385134488344, 0.0005461214459501207, 0.0005458514497149736, 0.04087751358747482, 0.03996577812358737, 0.0005440094563014368, 0.0005382770323194563, 0.03992212610319257, 0.03991875983774662, 0.0005347429832909256, 0.0005423746501597075, 0.03979825275018811, 0.039796554017812014], "stats": [{"ci_99": [8.373039834682018e-05, 8.600715908312028e-05], "q_25": 8.410377983724879e-05, "q_75": 8.544724832679475e-05, "min": 8.373039834682018e-05, "max": 8.600715908312028e-05, "mean": 8.485427186373741e-05, "std": 7.492900353851899e-07, "repeat": 10, "number": 124}, {"ci_99": [8.415247598462853e-05, 8.664466440677643e-05], "q_25": 8.531565554747896e-05, "q_75": 8.58905509668441e-05, "min": 8.415247598462853e-05, "max": 8.664466440677643e-05, "mean": 8.547227706544655e-05, "std": 6.52234102250955e-07, "repeat": 10, "number": 121}, {"ci_99": [7.390206352480359e-05, 7.507434064472043e-05], "q_25": 7.419079397427472e-05, "q_75": 7.468481969742759e-05, "min": 7.390206352480359e-05, "max": 7.507434064472043e-05, "mean": 7.449195065812484e-05, "std": 3.70119872314812e-07, "repeat": 10, "number": 148}, {"ci_99": [7.655109306249549e-05, 7.805285756202305e-05], "q_25": 7.73453074918293e-05, "q_75": 7.755611680776757e-05, "min": 7.655109306249549e-05, "max": 7.805285756202305e-05, "mean": 7.745698710684391e-05, "std": 3.9073130538229776e-07, "repeat": 10, "number": 136}, {"ci_99": [0.00010011037898676417, 0.00011000918032967041], "q_25": 0.00010072931029320319, "q_75": 0.00010333750962723638, "min": 0.00010011037898676417, "max": 0.00011000918032967041, "mean": 0.00010314881279368266, "std": 3.4727140990793524e-06, "repeat": 10, "number": 107}, {"ci_99": [0.0001014735380356962, 0.0001808131282979792], "q_25": 0.00010191684758121319, "q_75": 0.00011385247873311693, "min": 0.0001014735380356962, "max": 0.0001808131282979792, "mean": 0.00011581316420977766, "std": 2.4339041403841732e-05, "repeat": 10, "number": 55}, {"ci_99": [0.0008796090260148048, 0.009093119762837887], "q_25": 0.003402014961466193, "q_75": 0.007704689167439938, "min": 0.0008796090260148048, "max": 0.009093119762837887, "mean": 0.005499897617846727, "std": 0.0025952158279635602, "repeat": 10, "number": 1}, {"ci_99": [0.0017479462549090385, 0.007794582284986973], "q_25": 0.004850010387599468, "q_75": 0.007643827237188816, "min": 0.0017479462549090385, "max": 0.007794582284986973, "mean": 0.005477143172174692, "std": 0.002161383387100097, "repeat": 10, "number": 1}, {"ci_99": [0.0005370493745431304, 0.0006118302699178457], "q_25": 0.0005396212945925072, "q_75": 0.0005502406711457297, "min": 0.0005370493745431304, "max": 0.0006118302699178457, "mean": 0.0005554305389523506, "std": 2.4594569423298917e-05, "repeat": 10, "number": 16}, {"ci_99": [0.000527796393726021, 0.000748342601582408], "q_25": 0.0005368503916542977, "q_75": 0.0005487189482664689, "min": 0.000527796393726021, "max": 0.000748342601582408, "mean": 0.0005658116191625595, "std": 6.25823424547784e-05, "repeat": 10, "number": 16}, {"ci_99": [0.03997256886214018, 0.04118205700069666], "q_25": 0.040081369457766414, "q_75": 0.04096942231990397, "min": 0.03997256886214018, "max": 0.04118205700069666, "mean": 0.04061541445553303, "std": 0.0004755694604758693, "repeat": 10, "number": 1}, {"ci_99": [0.03969541098922491, 0.04020579997450113], "q_25": 0.03989297337830067, "q_75": 0.040121697122231126, "min": 0.03969541098922491, "max": 0.04020579997450113, "mean": 0.03999441377818584, "std": 0.00015657695086692156, "repeat": 10, "number": 1}, {"ci_99": [0.0005320316618856261, 0.0006479240186950739], "q_25": 0.0005413585972479161, "q_75": 0.0005509066395461559, "min": 0.0005320316618856261, "max": 0.0006479240186950739, "mean": 0.0005558049306273459, "std": 3.2468132121768246e-05, "repeat": 10, "number": 17}, {"ci_99": [0.0005280982586555183, 0.00073120096931234], "q_25": 0.000536106526851654, "q_75": 0.0005469096940942109, "min": 0.0005280982586555183, "max": 0.00073120096931234, "mean": 0.0005651468585710972, "std": 6.0778508830672875e-05, "repeat": 10, "number": 16}, {"ci_99": [0.03959236107766628, 0.04002659022808075], "q_25": 0.039821738144382834, "q_75": 0.03998577292077243, "min": 0.03959236107766628, "max": 0.04002659022808075, "mean": 0.03988646017387509, "std": 0.0001266805634585767, "repeat": 10, "number": 1}, {"ci_99": [0.03953164163976908, 0.040711634792387486], "q_25": 0.03979357494972646, "q_75": 0.039972778875380754, "min": 0.03953164163976908, "max": 0.040711634792387486, "mean": 0.03993137516081333, "std": 0.0002940793802674507, "repeat": 10, "number": 1}, {"ci_99": [0.0005181433516554534, 0.0007261147839017212], "q_25": 0.0005285071820253506, "q_75": 0.0005508120229933411, "min": 0.0005181433516554534, "max": 0.0007261147839017212, "mean": 0.0005558919801842421, "std": 5.8240958433546914e-05, "repeat": 10, "number": 16}, {"ci_99": [0.000534137854209313, 0.0006423186367520919], "q_25": 0.0005399199345937142, "q_75": 0.0005493282447927274, "min": 0.000534137854209313, "max": 0.0006423186367520919, "mean": 0.0005541251184275518, "std": 3.070679563124015e-05, "repeat": 10, "number": 13}, {"ci_99": [0.039623210206627846, 0.039951471611857414], "q_25": 0.039751915726810694, "q_75": 0.039844583719968796, "min": 0.039623210206627846, "max": 0.039951471611857414, "mean": 0.03979626502841711, "std": 0.00010276937353928821, "repeat": 10, "number": 1}, {"ci_99": [0.039711940102279186, 0.040224019438028336], "q_25": 0.039769610622897744, "q_75": 0.039841428864747286, "min": 0.039711940102279186, "max": 0.040224019438028336, "mean": 0.03983423663303256, "std": 0.00014003405149543507, "repeat": 10, "number": 1}], "params": [["'univar_normal'", "'multivar_normal'", "'matrixvar_normal'", "'symmatrixvar_normal'", "'operatorvar_normal'"], ["'pdf'", "'logpdf'", "'cdf'", "'logcdf'"]]}, "random_variables.Sampling.time_sample": {"result": [6.295848626989958e-05, 0.0002096956685328713, 0.00199718998434643, 0.03763525374233723, 0.037639143876731396],