{"results": {"ivpsolve.IVPSolve.time_solve": {"result": null, "params": [["'eks0'", "'ekf0'"], ["'with'", "'without'"], ["'ibm4'", "'ioup4'", "'matern92'"]]}, "linearsolvers.LinSolve.time_solve": {"result": [0.026795939542353153, 0.003981982047359148], "stats": [{"ci_99": [0.026704548858106136, 0.02711228933185339], "q_25": 0.026722388342022896, "q_75": 0.026861226884648204, "min": 0.026704548858106136, "max": 0.02711228933185339, "mean": 0.026819073501974343, "std": 0.00011980943911765611, "repeat": 10, "number": 1}, {"ci_99": [0.0038948748260736465, 0.004093059338629246], "q_25": 0.0039048389686892433, "q_75": 0.004059697889412443, "min": 0.0038948748260736465, "max": 0.004093059338629246, "mean": 0.003984449555476507, "std": 8.120580899506265e-05, "repeat": 10, "number": 3}], "params": [["'sparse'", "'dense'"]]}, "linearsolvers.PosteriorDist.time_sample": {"result": [0.0018807931004890374, 0.026751013472676277, 0.022478222381323576], "stats": [{"ci_99": [0.001606712250837258, 0.0022078024755631176], "q_25": 0.0016112913311059985, "q_75": 0.00218376237899065, "min": 0.001606712250837258, "max": 0.0022078024755631176, "mean": 0.0018959304450878079, "std": 0.00028552913219872714, "repeat": 10, "number": 7}, {"ci_99": [0.0249573877081275, 0.02817515004426241], "q_25": 0.026645896025002003, "q_75": 0.02809934481047094, "min": 0.0249573877081275, "max": 0.02817515004426241, "mean": 0.027067478559911252, "std": 0.0010003496266952783, "repeat": 10, "number": 1}, {"ci_99": [0.019070913083851337, 0.02664547972381115], "q_25": 0.019227833719924092, "q_75": 0.026496406411752105, "min": 0.019070913083851337, "max": 0.02664547972381115, "mean": 0.02278633927926421, "std": 0.003589173122732515, "repeat": 10, "number": 1}], "params": [["'solution'", "'matrix'", "'matrix_inverse'"]]}, "random_variables.Functions.time_distr_functions": {"result": [8.394154227846036e-05, 8.432549657300115e-05, 7.310530588943131e-05, 7.625019976070949e-05, 0.00010337169153680061, 0.0001030263635490475, 0.003906291528520259, 0.003983163740485907, 0.0005621449381578714, 0.0005295016162563115, 0.04011852527037263, 0.03930810606107116, 0.0005606828490272164, 0.0005230979295447469, 0.0391817195340991, 0.039174985606223345, 0.0005272655107546598, 0.0005280614132061601, 0.039274868089705706, 0.04006520379334688], "stats": [{"ci_99": [8.33120136483898e-05, 8.485506371996267e-05], "q_25": 8.370915647384112e-05, "q_75": 8.4484071750951e-05, "min": 8.33120136483898e-05, "max": 8.485506371996267e-05, "mean": 8.405822942533145e-05, "std": 4.953024084173921e-07, "repeat": 10, "number": 123}, {"ci_99": [8.374777826247737e-05, 8.481569966534153e-05], "q_25": 8.408975008933339e-05, "q_75": 8.466518374916632e-05, "min": 8.374777826247737e-05, "max": 8.481569966534153e-05, "mean": 8.433571929344907e-05, "std": 3.5903411251955285e-07, "repeat": 10, "number": 128}, {"ci_99": [7.264832427509788e-05, 7.338555162253024e-05], "q_25": 7.289792347674062e-05, "q_75": 7.330667747019911e-05, "min": 7.264832427509788e-05, "max": 7.338555162253024e-05, "mean": 7.307238775451167e-05, "std": 2.5233399092718614e-07, "repeat": 10, "number": 147}, {"ci_99": [7.56302648889167e-05, 7.704755158296653e-05], "q_25": 7.598082135830606e-05, "q_75": 7.6650721686227e-05, "min": 7.56302648889167e-05, "max": 7.704755158296653e-05, "mean": 7.630140254540102e-05, "std": 4.5474749778193465e-07, "repeat": 10, "number": 140}, {"ci_99": [0.00010243739033567494, 0.00018507248625673097], "q_25": 0.00010309471138592423, "q_75": 0.00011175494352034454, "min": 0.00010243739033567494, "max": 0.00018507248625673097, "mean": 0.00011491595992240413, "std": 2.460259127194064e-05, "repeat": 10, "number": 58}, {"ci_99": [0.00010147026001379408, 0.00015295415731339618], "q_25": 0.00010184238761149603, "q_75": 0.00010371077324038949, "min": 0.00010147026001379408, "max": 0.00015295415731339618, "mean": 0.00010865645418907033, "std": 1.5122537721688411e-05, "repeat": 10, "number": 58}, {"ci_99": [0.002925369126552885, 0.007368617606433955], "q_25": 0.00352686379020187, "q_75": 0.005947892659936439, "min": 0.002925369126552885, "max": 0.007368617606433955, "mean": 0.004719736808064309, "std": 0.0016393227094095002, "repeat": 10, "number": 11}, {"ci_99": [0.002721068449318409, 0.007617151280018416], "q_25": 0.0036116296806457367, "q_75": 0.0057659337551079015, "min": 0.002721068449318409, "max": 0.007617151280018416, "mean": 0.0047466003082015295, "std": 0.0016738399754850821, "repeat": 10, "number": 11}, {"ci_99": [0.0005233006668277085, 0.0006937502766959369], "q_25": 0.0005373902240535244, "q_75": 0.0006699351069983095, "min": 0.0005233006668277085, "max": 0.0006937502766959369, "mean": 0.0005941962823271752, "std": 6.786461408047322e-05, "repeat": 10, "number": 16}, {"ci_99": [0.0005193628603592515, 0.0006401975406333804], "q_25": 0.0005263993807602674, "q_75": 0.0005386014236137271, "min": 0.0005193628603592515, "max": 0.0006401975406333804, "mean": 0.0005487040500156582, "std": 4.056657840809382e-05, "repeat": 10, "number": 16}, {"ci_99": [0.0390647342428565, 0.04136580880731344], "q_25": 0.03922345209866762, "q_75": 0.04115943890064955, "min": 0.0390647342428565, "max": 0.04136580880731344, "mean": 0.04017483657225966, "std": 0.000988179837696595, "repeat": 10, "number": 1}, {"ci_99": [0.038942327722907066, 0.039861069060862064], "q_25": 0.03919685794971883, "q_75": 0.03949581505730748, "min": 0.038942327722907066, "max": 0.039861069060862064, "mean": 0.03937138728797436, "std": 0.00026743339899493055, "repeat": 10, "number": 1}, {"ci_99": [0.0005225343047641218, 0.0007121675298549235], "q_25": 0.0005272097478155047, "q_75": 0.0006481798191089183, "min": 0.0005225343047641218, "max": 0.0007121675298549235, "mean": 0.0005867759988177568, "std": 6.830340232805118e-05, "repeat": 10, "number": 16}, {"ci_99": [0.0005152197554707527, 0.0005825032712891698], "q_25": 0.0005211562674958259, "q_75": 0.000526374438777566, "min": 0.0005152197554707527, "max": 0.0005825032712891698, "mean": 0.0005305586673785001, "std": 1.9275829184279738e-05, "repeat": 10, "number": 16}, {"ci_99": [0.038713312707841396, 0.03988057281821966], "q_25": 0.03912769816815853, "q_75": 0.03967148973606527, "min": 0.038713312707841396, "max": 0.03988057281821966, "mean": 0.03932872749865055, "std": 0.00037272650205943367, "repeat": 10, "number": 1}, {"ci_99": [0.03885577525943518, 0.03944114223122597], "q_25": 0.03907530941069126, "q_75": 0.03934283764101565, "min": 0.03885577525943518, "max": 0.03944114223122597, "mean": 0.03918620645999908, "std": 0.0001774796150150899, "repeat": 10, "number": 1}, {"ci_99": [0.0005196580896154046, 0.0006417856784537435], "q_25": 0.000522182512213476, "q_75": 0.0005314487207215279, "min": 0.0005196580896154046, "max": 0.0006417856784537435, "mean": 0.0005380714312195778, "std": 3.495975808654876e-05, "repeat": 10, "number": 16}, {"ci_99": [0.0005176402628421783, 0.0005791804287582636], "q_25": 0.0005258204328129068, "q_75": 0.0005301458440953866, "min": 0.0005176402628421783, "max": 0.0005791804287582636, "mean": 0.0005356210691388697, "std": 1.9569174946926258e-05, "repeat": 10, "number": 16}, {"ci_99": [0.038888080045580864, 0.03994316793978214], "q_25": 0.03911735652945936, "q_75": 0.03941543330438435, "min": 0.038888080045580864, "max": 0.03994316793978214, "mean": 0.039294686261564495, "std": 0.0002901666255610082, "repeat": 10, "number": 1}, {"ci_99": [0.038771333172917366, 0.04126244690269232], "q_25": 0.039203688967972994, "q_75": 0.040997992269694805, "min": 0.038771333172917366, "max": 0.04126244690269232, "mean": 0.040055460017174485, "std": 0.0009700938564817294, "repeat": 10, "number": 1}], "params": [["'univar_normal'", "'multivar_normal'", "'matrixvar_normal'", "'symmatrixvar_normal'", "'operatorvar_normal'"], ["'pdf'", "'logpdf'", "'cdf'", "'logcdf'"]]}, "random_variables.Sampling.time_sample": {"result": [6.233306714531147e-05, 0.00020751698264995447, 0.0020081273812268463, 0.038414789363741875, 0.0399114596657455],