{"results": {"ivpsolve.IVPSolve.time_solve": {"result": null, "params": [["'eks0'", "'ekf0'"], ["'with'", "'without'"], ["'ibm4'", "'ioup4'", "'matern92'"]]}, "linearsolvers.LinSolve.time_solve": {"result": [0.026863975916057825, 0.003944871636728445], "stats": [{"ci_99": [0.026768996380269527, 0.027004146948456764], "q_25": 0.02681894856505096, "q_75": 0.02690297015942633, "min": 0.026768996380269527, "max": 0.027004146948456764, "mean": 0.026871295645833015, "std": 7.678258149965191e-05, "repeat": 10, "number": 1}, {"ci_99": [0.003931148598591487, 0.004094060820837815], "q_25": 0.003933562353874247, "q_75": 0.003996906724448006, "min": 0.003931148598591487, "max": 0.004094060820837815, "mean": 0.003971171627442043, "std": 5.191602053635853e-05, "repeat": 10, "number": 3}], "params": [["'sparse'", "'dense'"]]}, "linearsolvers.PosteriorDist.time_sample": {"result": [0.002160961739718914, 0.02320808032527566, 0.023394003976136446], "stats": [{"ci_99": [0.0021442677825689316, 0.002187370012203852], "q_25": 0.0021546927746385336, "q_75": 0.0021740445711960397, "min": 0.0021442677825689316, "max": 0.002187370012203852, "mean": 0.002164128391693036, "std": 1.2770595826342107e-05, "repeat": 10, "number": 6}, {"ci_99": [0.019240248948335648, 0.026472178287804127], "q_25": 0.019905792316421866, "q_75": 0.026397323235869408, "min": 0.019240248948335648, "max": 0.026472178287804127, "mean": 0.023104142397642136, "std": 0.0032453238726019252, "repeat": 10, "number": 1}, {"ci_99": [0.02010407391935587, 0.02877897210419178], "q_25": 0.020771006122231483, "q_75": 0.027407964458689094, "min": 0.02010407391935587, "max": 0.02877897210419178, "mean": 0.024127438478171826, "std": 0.003561727794335127, "repeat": 10, "number": 1}], "params": [["'solution'", "'matrix'", "'matrix_inverse'"]]}, "random_variables.Functions.time_distr_functions": {"result": [8.387319394387305e-05, 8.40975156438256e-05, 7.345538036335235e-05, 7.651479887392591e-05, 0.00010069514193185945, 0.00010052522667115781, 0.004736361093819141, 0.0048502045683562756, 0.0005353873712010682, 0.0005350069930920234, 0.038953330367803574, 0.038784436881542206, 0.0005197841674089432, 0.000613841072966655, 0.03873266885057092, 0.03859609458595514, 0.0005210621210818107, 0.0005182412882836966, 0.03976891841739416, 0.03978459630161524], "stats": [{"ci_99": [8.335180609719828e-05, 8.598042040830478e-05], "q_25": 8.376227924600244e-05, "q_75": 8.402222374570556e-05, "min": 8.335180609719828e-05, "max": 8.598042040830478e-05, "mean": 8.401244413107634e-05, "std": 6.966678927561997e-07, "repeat": 10, "number": 128}, {"ci_99": [8.332415203016902e-05, 8.531221528611486e-05], "q_25": 8.407959877143778e-05, "q_75": 8.422338093320528e-05, "min": 8.332415203016902e-05, "max": 8.531221528611486e-05, "mean": 8.412251648093971e-05, "std": 5.190056220184667e-07, "repeat": 10, "number": 126}, {"ci_99": [7.246252174345439e-05, 7.479183450841263e-05], "q_25": 7.334130897417964e-05, "q_75": 7.382312464534037e-05, "min": 7.246252174345439e-05, "max": 7.479183450841263e-05, "mean": 7.352533268948529e-05, "std": 5.919846805639421e-07, "repeat": 10, "number": 149}, {"ci_99": [7.58036382167655e-05, 7.790514021454488e-05], "q_25": 7.640692638233304e-05, "q_75": 7.661017726230271e-05, "min": 7.58036382167655e-05, "max": 7.790514021454488e-05, "mean": 7.656194091610172e-05, "std": 5.205326972298272e-07, "repeat": 10, "number": 136}, {"ci_99": [9.935595685752427e-05, 0.00012184791948373725], "q_25": 0.00010028721696538169, "q_75": 0.00010494451981219577, "min": 9.935595685752427e-05, "max": 0.00012184791948373725, "mean": 0.00010379258111664433, "std": 6.495298082446626e-06, "repeat": 10, "number": 82}, {"ci_99": [9.907799114177866e-05, 0.00012884693356548867], "q_25": 9.982317413498715e-05, "q_75": 0.00010080329460523477, "min": 9.907799114177866e-05, "max": 0.00012884693356548867, "mean": 0.00010509180790949159, "std": 1.0095790239306948e-05, "repeat": 10, "number": 82}, {"ci_99": [0.0038768649101257324, 0.006263650022447109], "q_25": 0.003987564938142896, "q_75": 0.0062281639548018575, "min": 0.0038768649101257324, "max": 0.006263650022447109, "mean": 0.005019278125837445, "std": 0.0010428241906128592, "repeat": 10, "number": 2}, {"ci_99": [0.0034208488650619984, 0.006320565473288298], "q_25": 0.004299790016375482, "q_75": 0.005915851215831935, "min": 0.0034208488650619984, "max": 0.006320565473288298, "mean": 0.004984584916383028, "std": 0.0009586093151904446, "repeat": 10, "number": 2}, {"ci_99": [0.000517364009283483, 0.0006115111755207181], "q_25": 0.0005265653744572774, "q_75": 0.0005468528979690745, "min": 0.000517364009283483, "max": 0.0006115111755207181, "mean": 0.0005468376446515321, "std": 3.2635300532298444e-05, "repeat": 10, "number": 16}, {"ci_99": [0.0005162734395036331, 0.0006150359717699197], "q_25": 0.0005249174025196296, "q_75": 0.0005416345531837298, "min": 0.0005162734395036331, "max": 0.0006150359717699197, "mean": 0.0005453914045714414, "std": 3.183402227912763e-05, "repeat": 10, "number": 13}, {"ci_99": [0.038743823766708374, 0.03941679839044809], "q_25": 0.03886752435937524, "q_75": 0.039238103898242116, "min": 0.038743823766708374, "max": 0.03941679839044809, "mean": 0.03903469927608967, "std": 0.00022986235656609027, "repeat": 10, "number": 1}, {"ci_99": [0.03870708588510752, 0.0388522632420063], "q_25": 0.038716789335012436, "q_75": 0.038818537490442395, "min": 0.03870708588510752, "max": 0.0388522632420063, "mean": 0.03877488849684596, "std": 5.4279430618065206e-05, "repeat": 10, "number": 1}, {"ci_99": [0.0005123564400351965, 0.0006198833624903972], "q_25": 0.0005184187768743589, "q_75": 0.0005290132875625903, "min": 0.0005123564400351965, "max": 0.0006198833624903972, "mean": 0.0005328850247539006, "std": 3.0809587163642546e-05, "repeat": 10, "number": 13}, {"ci_99": [0.000520386112233003, 0.000722752728809913], "q_25": 0.0005270733963698149, "q_75": 0.0006633100371497372, "min": 0.000520386112233003, "max": 0.000722752728809913, "mean": 0.0006045994271213811, "std": 7.462405059884741e-05, "repeat": 10, "number": 12}, {"ci_99": [0.038611951284110546, 0.039436716586351395], "q_25": 0.03864368936046958, "q_75": 0.03887180704623461, "min": 0.038611951284110546, "max": 0.039436716586351395, "mean": 0.0388209193944931, "std": 0.00024021055756606632, "repeat": 10, "number": 1}, {"ci_99": [0.03851437754929066, 0.03903401084244251], "q_25": 0.0385589268989861, "q_75": 0.03870859136804938, "min": 0.03851437754929066, "max": 0.03903401084244251, "mean": 0.03865874223411083, "std": 0.00015316272385532747, "repeat": 10, "number": 1}, {"ci_99": [0.0005153241352393077, 0.0006957589290463007], "q_25": 0.0005198639924996175, "q_75": 0.0005527753382921219, "min": 0.0005153241352393077, "max": 0.0006957589290463007, "mean": 0.000552321311372977, "std": 5.8391277288920365e-05, "repeat": 10, "number": 13}, {"ci_99": [0.00050805236857671, 0.0006455071986867831], "q_25": 0.0005135177813756925, "q_75": 0.0005232951460549465, "min": 0.00050805236857671, "max": 0.0006455071986867831, "mean": 0.0005369013891770289, "std": 4.306550943011324e-05, "repeat": 10, "number": 13}, {"ci_99": [0.0385311059653759, 0.040800259448587894], "q_25": 0.038611902156844735, "q_75": 0.04071459057740867, "min": 0.0385311059653759, "max": 0.040800259448587894, "mean": 0.03968460634350777, "std": 0.0010225332869096826, "repeat": 10, "number": 1}, {"ci_99": [0.038638826459646225, 0.04128570109605789], "q_25": 0.038726781494915485, "q_75": 0.040698428405448794, "min": 0.038638826459646225, "max": 0.04128570109605789, "mean": 0.039772984106093645, "std": 0.001014626132996213, "repeat": 10, "number": 1}], "params": [["'univar_normal'", "'multivar_normal'", "'matrixvar_normal'", "'symmatrixvar_normal'", "'operatorvar_normal'"], ["'pdf'", "'logpdf'", "'cdf'", "'logcdf'"]]}, "random_variables.Sampling.time_sample": {"result": [6.1983665225306e-05, 0.0002071750798047735, 0.0020324139234920344, 0.037807384971529245, 0.03775026323273778],