{"results": {"ivpsolve.IVPSolve.time_solve": {"result": null, "params": [["'eks0'", "'ekf0'"], ["'with'", "'without'"], ["'ibm4'", "'ioup4'", "'matern92'"]]}, "linearsolvers.LinSolve.time_solve": {"result": [0.026822559535503387, 0.003918722582360109], "stats": [{"ci_99": [0.026704476214945316, 0.02700771577656269], "q_25": 0.026734834304079413, "q_75": 0.0269388051237911, "min": 0.026704476214945316, "max": 0.02700771577656269, "mean": 0.026841575931757688, "std": 0.00011065178798993929, "repeat": 10, "number": 1}, {"ci_99": [0.0039037599538763366, 0.003970693175991376], "q_25": 0.0039127180352807045, "q_75": 0.0039320249731342, "min": 0.0039037599538763366, "max": 0.003970693175991376, "mean": 0.003924797133853039, "std": 1.9645285978228097e-05, "repeat": 10, "number": 3}], "params": [["'sparse'", "'dense'"]]}, "linearsolvers.PosteriorDist.time_sample": {"result": [0.002137366992731889, 0.026207282207906246, 0.02366745937615633], "stats": [{"ci_99": [0.0020973896607756615, 0.002151867219557365], "q_25": 0.0021156041184440255, "q_75": 0.0021435339391852417, "min": 0.0020973896607756615, "max": 0.002151867219557365, "mean": 0.002130803776284059, "std": 1.795532025541428e-05, "repeat": 10, "number": 6}, {"ci_99": [0.024853604845702648, 0.028111495077610016], "q_25": 0.026168776908889413, "q_75": 0.028071997221559286, "min": 0.024853604845702648, "max": 0.028111495077610016, "mean": 0.026812692079693078, "std": 0.0011106061620364115, "repeat": 10, "number": 1}, {"ci_99": [0.017079265788197517, 0.028131071478128433], "q_25": 0.017136838287115097, "q_75": 0.028023466235026717, "min": 0.017079265788197517, "max": 0.028131071478128433, "mean": 0.022811553534120323, "std": 0.005049610771934167, "repeat": 10, "number": 1}], "params": [["'solution'", "'matrix'", "'matrix_inverse'"]]}, "random_variables.Functions.time_distr_functions": {"result": [8.363281773735387e-05, 8.399254083633423e-05, 7.333806947085029e-05, 7.59838116387804e-05, 0.00010315930984657387, 0.00010093943657059419, 0.006173783913254738, 0.007604191079735756, 0.000531385366160136, 0.0005283269565552473, 0.03881646832451224, 0.038832923863083124, 0.0005265772924758494, 0.0005216474528424442, 0.03862006589770317, 0.03886357042938471, 0.0005150065099930062, 0.0005384640923390787, 0.038603972643613815, 0.03858485957607627], "stats": [{"ci_99": [8.31486816092055e-05, 8.468222335096477e-05], "q_25": 8.342066570365614e-05, "q_75": 8.407193994106247e-05, "min": 8.31486816092055e-05, "max": 8.468222335096477e-05, "mean": 8.374727367199668e-05, "std": 4.6825698643314397e-07, "repeat": 10, "number": 129}, {"ci_99": [8.338793367147445e-05, 8.449366688728333e-05], "q_25": 8.358921110630034e-05, "q_75": 8.430051803588867e-05, "min": 8.338793367147445e-05, "max": 8.449366688728333e-05, "mean": 8.395394682884215e-05, "std": 3.7156168572178075e-07, "repeat": 10, "number": 125}, {"ci_99": [7.304772470437043e-05, 7.432134465334263e-05], "q_25": 7.321830700211068e-05, "q_75": 7.363209824559958e-05, "min": 7.304772470437043e-05, "max": 7.432134465334263e-05, "mean": 7.348890806026492e-05, "std": 3.9394832750243614e-07, "repeat": 10, "number": 141}, {"ci_99": [7.555033308225911e-05, 7.673552246777327e-05], "q_25": 7.567181857628423e-05, "q_75": 7.620312182323915e-05, "min": 7.555033308225911e-05, "max": 7.673552246777327e-05, "mean": 7.599465796476476e-05, "std": 3.4806264586211667e-07, "repeat": 10, "number": 143}, {"ci_99": [0.00010159467186393409, 0.0001660240814089775], "q_25": 0.00010233535431325437, "q_75": 0.00011639520204786597, "min": 0.00010159467186393409, "max": 0.0001660240814089775, "mean": 0.0001143561467399885, "std": 2.0392859804682645e-05, "repeat": 10, "number": 58}, {"ci_99": [0.00010009348523198513, 0.00016898480489065774], "q_25": 0.00010067309056849857, "q_75": 0.00011073374761301174, "min": 0.00010009348523198513, "max": 0.00016898480489065774, "mean": 0.00011499368896087013, "std": 2.5334452907965636e-05, "repeat": 10, "number": 57}, {"ci_99": [0.004762176424264908, 0.010007589589804411], "q_25": 0.004939589649438858, "q_75": 0.006376974051818252, "min": 0.004762176424264908, "max": 0.010007589589804411, "mean": 0.006458089966326952, "std": 0.0018804574632665654, "repeat": 10, "number": 2}, {"ci_99": [0.002937931567430496, 0.007813692092895508], "q_25": 0.005111820064485073, "q_75": 0.0077430440578609705, "min": 0.002937931567430496, "max": 0.007813692092895508, "mean": 0.006473603844642639, "std": 0.0016621216261137387, "repeat": 10, "number": 1}, {"ci_99": [0.0005163455095428687, 0.0006435868831781241], "q_25": 0.000526056893599721, "q_75": 0.0005347448795174176, "min": 0.0005163455095428687, "max": 0.0006435868831781241, "mean": 0.0005402143543156294, "std": 3.4945763047996206e-05, "repeat": 10, "number": 13}, {"ci_99": [0.0005159223219379783, 0.0005905210855416954], "q_25": 0.0005185343325138092, "q_75": 0.0005329514970071614, "min": 0.0005159223219379783, "max": 0.0005905210855416954, "mean": 0.000536892464151606, "std": 2.566597371574909e-05, "repeat": 10, "number": 16}, {"ci_99": [0.0386736486107111, 0.04015856981277466], "q_25": 0.03875568928197026, "q_75": 0.03889738698489964, "min": 0.0386736486107111, "max": 0.04015856981277466, "mean": 0.0389574971050024, "std": 0.0004165910735023774, "repeat": 10, "number": 1}, {"ci_99": [0.03863677103072405, 0.03973153419792652], "q_25": 0.03875178913585842, "q_75": 0.03895460348576307, "min": 0.03863677103072405, "max": 0.03973153419792652, "mean": 0.03894980205222964, "std": 0.0003238938881105522, "repeat": 10, "number": 1}, {"ci_99": [0.0005114996456541121, 0.0006458722054958344], "q_25": 0.0005184782348806038, "q_75": 0.000537759842700325, "min": 0.0005114996456541121, "max": 0.0006458722054958344, "mean": 0.0005407604447100311, "std": 3.849361706701954e-05, "repeat": 10, "number": 16}, {"ci_99": [0.0005126261385157704, 0.0006511724786832929], "q_25": 0.0005161524895811453, "q_75": 0.0005266619264148176, "min": 0.0005126261385157704, "max": 0.0006511724786832929, "mean": 0.000536558375461027, "std": 4.013556953987165e-05, "repeat": 10, "number": 16}, {"ci_99": [0.03849867545068264, 0.03935095388442278], "q_25": 0.038549354299902916, "q_75": 0.03881604224443436, "min": 0.03849867545068264, "max": 0.03935095388442278, "mean": 0.038744316715747115, "std": 0.00026579136081901706, "repeat": 10, "number": 1}, {"ci_99": [0.0384835097938776, 0.03968607168644667], "q_25": 0.03868636582046747, "q_75": 0.039047727128490806, "min": 0.0384835097938776, "max": 0.03968607168644667, "mean": 0.038965292368084194, "std": 0.00039597036047835197, "repeat": 10, "number": 1}, {"ci_99": [0.0005016401410102844, 0.0005577152923626058], "q_25": 0.0005090628778014113, "q_75": 0.0005180609878152609, "min": 0.0005016401410102844, "max": 0.0005577152923626058, "mean": 0.0005171349107780878, "std": 1.482341919900487e-05, "repeat": 10, "number": 17}, {"ci_99": [0.0005222310622533163, 0.0007380994502454996], "q_25": 0.0005353000985148052, "q_75": 0.0005698271561414003, "min": 0.0005222310622533163, "max": 0.0007380994502454996, "mean": 0.0005779833843310674, "std": 7.779351950315931e-05, "repeat": 10, "number": 12}, {"ci_99": [0.03849780838936567, 0.03882882371544838], "q_25": 0.03852181136608124, "q_75": 0.03874396742321551, "min": 0.03849780838936567, "max": 0.03882882371544838, "mean": 0.038630943093448875, "std": 0.00011720333655091176, "repeat": 10, "number": 1}, {"ci_99": [0.038512387312948704, 0.04017449822276831], "q_25": 0.038557994877919555, "q_75": 0.039090616395697, "min": 0.038512387312948704, "max": 0.04017449822276831, "mean": 0.038871212769299744, "std": 0.0005155308797384895, "repeat": 10, "number": 1}], "params": [["'univar_normal'", "'multivar_normal'", "'matrixvar_normal'", "'symmatrixvar_normal'", "'operatorvar_normal'"], ["'pdf'", "'logpdf'", "'cdf'", "'logcdf'"]]}, "random_variables.Sampling.time_sample": {"result": [6.162253529986455e-05, 0.00020704323497529212, 0.001990880584344268, 0.037861461751163006, 0.03783907601609826],