{"results": {"ivpsolve.IVPSolve.time_solve": {"result": null, "params": [["'eks0'", "'ekf0'"], ["'with'", "'without'"], ["'ibm4'", "'ioup4'", "'matern92'"]]}, "linearsolvers.LinSolve.time_solve": {"result": [0.02685122052207589, 0.003914329533775648], "stats": [{"ci_99": [0.026712612248957157, 0.027395686134696007], "q_25": 0.026777896098792553, "q_75": 0.027002294780686498, "min": 0.026712612248957157, "max": 0.027395686134696007, "mean": 0.02693525580689311, "std": 0.00021116791883877154, "repeat": 10, "number": 1}, {"ci_99": [0.0039036416759093604, 0.003981553638974826], "q_25": 0.003909500393395622, "q_75": 0.003963683033362031, "min": 0.0039036416759093604, "max": 0.003981553638974826, "mean": 0.003931583743542433, "std": 3.148950616519655e-05, "repeat": 10, "number": 3}], "params": [["'sparse'", "'dense'"]]}, "linearsolvers.PosteriorDist.time_sample": {"result": [0.0015669393469579518, 0.020187378395348787, 0.02312985109165311], "stats": [{"ci_99": [0.0015574628487229347, 0.0016190864844247699], "q_25": 0.0015636041935067624, "q_75": 0.00158325006486848, "min": 0.0015574628487229347, "max": 0.0016190864844247699, "mean": 0.0015751225291751325, "std": 1.7855338202751616e-05, "repeat": 10, "number": 8}, {"ci_99": [0.0196606470271945, 0.028048187494277954], "q_25": 0.019735559821128845, "q_75": 0.022798477904871106, "min": 0.0196606470271945, "max": 0.028048187494277954, "mean": 0.02177516305819154, "std": 0.0029373046861297667, "repeat": 10, "number": 1}, {"ci_99": [0.01941032148897648, 0.026475265622138977], "q_25": 0.019532507751137018, "q_75": 0.02638703607954085, "min": 0.01941032148897648, "max": 0.026475265622138977, "mean": 0.02299715783447027, "std": 0.0034001019871534852, "repeat": 10, "number": 1}], "params": [["'solution'", "'matrix'", "'matrix_inverse'"]]}, "random_variables.Functions.time_distr_functions": {"result": [8.386787885683589e-05, 8.417924822080793e-05, 7.324153557419777e-05, 7.622326983320983e-05, 9.969021617011591e-05, 0.0001008227298205549, 0.005437852504352729, 0.005279872721681992, 0.00053168716840446, 0.0005479490456099694, 0.03992805350571871, 0.039648943580687046, 0.0005388658028095961, 0.0005288456256190936, 0.03945150598883629, 0.039605801459401846, 0.0005237474106252193, 0.0005326943064574152, 0.039835709147155285, 0.039394665975123644], "stats": [{"ci_99": [8.357517799595371e-05, 8.512100612279028e-05], "q_25": 8.371495641767979e-05, "q_75": 8.430564957961906e-05, "min": 8.357517799595371e-05, "max": 8.512100612279028e-05, "mean": 8.406811975874007e-05, "std": 4.829956650390609e-07, "repeat": 10, "number": 128}, {"ci_99": [8.380875783407782e-05, 8.493167619536242e-05], "q_25": 8.399285720734615e-05, "q_75": 8.44062030990058e-05, "min": 8.380875783407782e-05, "max": 8.493167619536242e-05, "mean": 8.42203782123374e-05, "std": 3.307103173263772e-07, "repeat": 10, "number": 127}, {"ci_99": [7.29824768731723e-05, 7.515423931181431e-05], "q_25": 7.314594915589772e-05, "q_75": 7.366803569115094e-05, "min": 7.29824768731723e-05, "max": 7.515423931181431e-05, "mean": 7.349819297323356e-05, "std": 6.075747295638674e-07, "repeat": 10, "number": 148}, {"ci_99": [7.601255985130941e-05, 7.732341388114412e-05], "q_25": 7.614189989976865e-05, "q_75": 7.668354100358665e-05, "min": 7.601255985130941e-05, "max": 7.732341388114412e-05, "mean": 7.644990403065107e-05, "std": 4.3424429533835977e-07, "repeat": 10, "number": 133}, {"ci_99": [9.83852046457204e-05, 0.00010491674765944481], "q_25": 9.900811763310973e-05, "q_75": 0.00010020226155492392, "min": 9.83852046457204e-05, "max": 0.00010491674765944481, "mean": 0.00010004021566022524, "std": 1.7495361803605833e-06, "repeat": 10, "number": 110}, {"ci_99": [9.957802566615018e-05, 0.0001649491319602186], "q_25": 0.00010039023208347233, "q_75": 0.00010233838957819072, "min": 9.957802566615018e-05, "max": 0.0001649491319602186, "mean": 0.00010897647758776493, "std": 1.943165814743775e-05, "repeat": 10, "number": 55}, {"ci_99": [0.0007742298766970634, 0.009735560975968838], "q_25": 0.004770752352972825, "q_75": 0.006537050241604447, "min": 0.0007742298766970634, "max": 0.009735560975968838, "mean": 0.005349911376833916, "std": 0.0027818627439177065, "repeat": 10, "number": 3}, {"ci_99": [0.0007753511890769005, 0.009355486991504828], "q_25": 0.004773641703650355, "q_75": 0.005800410018612941, "min": 0.0007753511890769005, "max": 0.009355486991504828, "mean": 0.00515003502368927, "std": 0.0026801235869025313, "repeat": 10, "number": 3}, {"ci_99": [0.0005226078792475164, 0.000665978470351547], "q_25": 0.0005295828450471163, "q_75": 0.0005396666820161045, "min": 0.0005226078792475164, "max": 0.000665978470351547, "mean": 0.0005478788923937827, "std": 4.075896678579577e-05, "repeat": 10, "number": 16}, {"ci_99": [0.0005310231533188086, 0.0006231830383722598], "q_25": 0.0005361367769252795, "q_75": 0.0005655650658389698, "min": 0.0005310231533188086, "max": 0.0006231830383722598, "mean": 0.0005558127967210916, "std": 2.645390587325594e-05, "repeat": 10, "number": 13}, {"ci_99": [0.03875601477921009, 0.04153932444751263], "q_25": 0.03905201214365661, "q_75": 0.04005959234200418, "min": 0.03875601477921009, "max": 0.04153932444751263, "mean": 0.03978893356397748, "std": 0.0008180613865883727, "repeat": 10, "number": 1}, {"ci_99": [0.03864737134426832, 0.0408514067530632], "q_25": 0.03900756244547665, "q_75": 0.039907853584736586, "min": 0.03864737134426832, "max": 0.0408514067530632, "mean": 0.03953987797722221, "std": 0.0006481646680746518, "repeat": 10, "number": 1}, {"ci_99": [0.0005230838432908058, 0.0006660071667283773], "q_25": 0.0005316919705364853, "q_75": 0.000543358939466998, "min": 0.0005230838432908058, "max": 0.0006660071667283773, "mean": 0.0005556851159781217, "std": 4.3928351173315156e-05, "repeat": 10, "number": 16}, {"ci_99": [0.0005126408456514279, 0.0005511528191467127], "q_25": 0.0005220514334117373, "q_75": 0.0005414591481288274, "min": 0.0005126408456514279, "max": 0.0005511528191467127, "mean": 0.0005308969722439845, "std": 1.2135615318626467e-05, "repeat": 10, "number": 12}, {"ci_99": [0.03837533947080374, 0.040763708762824535], "q_25": 0.038837141590192914, "q_75": 0.03978927503339946, "min": 0.03837533947080374, "max": 0.040763708762824535, "mean": 0.03936000689864159, "std": 0.0006938702598525469, "repeat": 10, "number": 1}, {"ci_99": [0.03859423939138651, 0.04063090868294239], "q_25": 0.03872620174661279, "q_75": 0.039740093518048525, "min": 0.03859423939138651, "max": 0.04063090868294239, "mean": 0.03937416849657893, "std": 0.0006420425222995168, "repeat": 10, "number": 1}, {"ci_99": [0.0005062612472102046, 0.0007420970941893756], "q_25": 0.0005186097841942683, "q_75": 0.0005280570185277611, "min": 0.0005062612472102046, "max": 0.0007420970941893756, "mean": 0.0005436804203782231, "std": 6.650476601645049e-05, "repeat": 10, "number": 16}, {"ci_99": [0.0005169868818484247, 0.0005999835557304323], "q_25": 0.0005231541872490197, "q_75": 0.000539697241038084, "min": 0.0005169868818484247, "max": 0.0005999835557304323, "mean": 0.0005416810745373368, "std": 2.7079104931065274e-05, "repeat": 10, "number": 16}, {"ci_99": [0.03847199771553278, 0.04146733321249485], "q_25": 0.03876482299529016, "q_75": 0.04079302400350571, "min": 0.03847199771553278, "max": 0.04146733321249485, "mean": 0.039804669376462695, "std": 0.001140716721589064, "repeat": 10, "number": 1}, {"ci_99": [0.038511776365339756, 0.039875783026218414], "q_25": 0.03881575702689588, "q_75": 0.03978754626587033, "min": 0.038511776365339756, "max": 0.039875783026218414, "mean": 0.039270411152392624, "std": 0.0005379231004754107, "repeat": 10, "number": 1}], "params": [["'univar_normal'", "'multivar_normal'", "'matrixvar_normal'", "'symmatrixvar_normal'", "'operatorvar_normal'"], ["'pdf'", "'logpdf'", "'cdf'", "'logcdf'"]]}, "random_variables.Sampling.time_sample": {"result": [6.210321773696377e-05, 0.00020860614255070688, 0.002013289602473378, 0.03886959562078118, 0.03737278888002038],