{"results": {"ivpsolve.IVPSolve.time_solve": {"result": null, "params": [["'eks0'", "'ekf0'"], ["'with'", "'without'"], ["'ibm4'", "'ioup4'", "'matern92'"]]}, "linearsolvers.LinSolve.time_solve": {"result": [0.026944390963763, 0.0039577583471933995], "stats": [{"ci_99": [0.026693028397858143, 0.02719257865101099], "q_25": 0.0267296617385, "q_75": 0.027126334607601166, "min": 0.026693028397858143, "max": 0.02719257865101099, "mean": 0.026935828570276498, "std": 0.00020521091925201643, "repeat": 10, "number": 1}, {"ci_99": [0.003921252985795339, 0.004021214010814826], "q_25": 0.003941728655869762, "q_75": 0.0039924268300334615, "min": 0.003921252985795339, "max": 0.004021214010814826, "mean": 0.003965416364371777, "std": 3.246520617284741e-05, "repeat": 10, "number": 3}], "params": [["'sparse'", "'dense'"]]}, "linearsolvers.PosteriorDist.time_sample": {"result": [0.0021384050293515124, 0.022186127956956625, 0.026203140150755644], "stats": [{"ci_99": [0.0021092075233658156, 0.002148403941343228], "q_25": 0.002115175360813737, "q_75": 0.0021428340890755257, "min": 0.0021092075233658156, "max": 0.002148403941343228, "mean": 0.0021314054727554323, "std": 1.5236951208489927e-05, "repeat": 10, "number": 6}, {"ci_99": [0.01902602892369032, 0.026634393259882927], "q_25": 0.019257704028859735, "q_75": 0.026512066135182977, "min": 0.01902602892369032, "max": 0.026634393259882927, "mean": 0.022737882751971483, "std": 0.00354252277172957, "repeat": 10, "number": 1}, {"ci_99": [0.025716140866279602, 0.027815528213977814], "q_25": 0.026150483870878816, "q_75": 0.027509069768711925, "min": 0.025716140866279602, "max": 0.027815528213977814, "mean": 0.026666718162596227, "std": 0.000759071015326312, "repeat": 10, "number": 1}], "params": [["'solution'", "'matrix'", "'matrix_inverse'"]]}, "random_variables.Functions.time_distr_functions": {"result": [8.454730379439535e-05, 8.479524625553971e-05, 7.355222880518693e-05, 7.63823297786546e-05, 0.00010131115039575448, 0.0001014040718818533, 0.0021850900828010505, 0.0023226296632654136, 0.000547409086721018, 0.0005462801491376013, 0.03994912886992097, 0.03996226051822305, 0.0005466171826880712, 0.0005381844530347735, 0.040158477146178484, 0.03970795404165983, 0.000613461105296245, 0.0005423971451818943, 0.04036781983450055, 0.03969683172181249], "stats": [{"ci_99": [8.40130646432203e-05, 8.490057809958382e-05], "q_25": 8.440587211341138e-05, "q_75": 8.475245346152594e-05, "min": 8.40130646432203e-05, "max": 8.490057809958382e-05, "mean": 8.45499469765595e-05, "std": 2.515997221166079e-07, "repeat": 10, "number": 126}, {"ci_99": [8.443826513867529e-05, 8.540716584003161e-05], "q_25": 8.449218575916593e-05, "q_75": 8.5001850190262e-05, "min": 8.443826513867529e-05, "max": 8.540716584003161e-05, "mean": 8.482266261818863e-05, "std": 3.501652067540545e-07, "repeat": 10, "number": 126}, {"ci_99": [7.318243009152173e-05, 7.537166795713438e-05], "q_25": 7.341089725440783e-05, "q_75": 7.365138283361205e-05, "min": 7.318243009152173e-05, "max": 7.537166795713438e-05, "mean": 7.370475130222685e-05, "std": 5.897336444448489e-07, "repeat": 10, "number": 139}, {"ci_99": [7.627241417661414e-05, 7.723105120492148e-05], "q_25": 7.637434352475863e-05, "q_75": 7.666289721700278e-05, "min": 7.627241417661414e-05, "max": 7.723105120492148e-05, "mean": 7.657264587241454e-05, "std": 3.076539958036843e-07, "repeat": 10, "number": 143}, {"ci_99": [9.996292986048079e-05, 0.00010712773005649881], "q_25": 0.0001007731398115459, "q_75": 0.00010182328513163387, "min": 9.996292986048079e-05, "max": 0.00010712773005649881, "mean": 0.00010174739906944118, "std": 1.9218692975911033e-06, "repeat": 10, "number": 103}, {"ci_99": [0.00010076650129310016, 0.00016655426087050602], "q_25": 0.00010111331859410836, "q_75": 0.00010162763747161832, "min": 0.00010076650129310016, "max": 0.00016655426087050602, "mean": 0.00010787945337079722, "std": 1.9563470539207426e-05, "repeat": 10, "number": 58}, {"ci_99": [0.0010475730523467064, 0.005576614600916703], "q_25": 0.001658968420492278, "q_75": 0.0040723410590241356, "min": 0.0010475730523467064, "max": 0.005576614600916703, "mean": 0.00289225774920649, "std": 0.001654356283602804, "repeat": 10, "number": 9}, {"ci_99": [0.001081314662264453, 0.005217289759053124], "q_25": 0.002023883138058914, "q_75": 0.00434594772135218, "min": 0.001081314662264453, "max": 0.005217289759053124, "mean": 0.0029890595314403376, "std": 0.001443209029069523, "repeat": 10, "number": 9}, {"ci_99": [0.0005223529296927154, 0.0007564401021227241], "q_25": 0.0005358274356694892, "q_75": 0.0005529423797270283, "min": 0.0005223529296927154, "max": 0.0007564401021227241, "mean": 0.0005652562133036554, "std": 6.556642146287175e-05, "repeat": 10, "number": 16}, {"ci_99": [0.0005343417287804186, 0.0006063302862457931], "q_25": 0.0005389029247453436, "q_75": 0.0005533173971343786, "min": 0.0005343417287804186, "max": 0.0006063302862457931, "mean": 0.0005542655824683606, "std": 2.3965542824985887e-05, "repeat": 10, "number": 16}, {"ci_99": [0.03929568640887737, 0.04069548659026623], "q_25": 0.039548023138195276, "q_75": 0.040422442369163036, "min": 0.03929568640887737, "max": 0.04069548659026623, "mean": 0.039985837787389754, "std": 0.0004910845862306204, "repeat": 10, "number": 1}, {"ci_99": [0.03935985825955868, 0.040723747573792934], "q_25": 0.03945833328180015, "q_75": 0.04037138354033232, "min": 0.03935985825955868, "max": 0.040723747573792934, "mean": 0.03996287435293198, "std": 0.0005121565907513982, "repeat": 10, "number": 1}, {"ci_99": [0.0005286479225525489, 0.0005994132505013392], "q_25": 0.000533732997540098, "q_75": 0.0005575166119692418, "min": 0.0005286479225525489, "max": 0.0005994132505013392, "mean": 0.0005510920658707618, "std": 2.1328623584096272e-05, "repeat": 10, "number": 13}, {"ci_99": [0.000528276723343879, 0.0006124950014054775], "q_25": 0.0005301063065417111, "q_75": 0.000546541516087018, "min": 0.000528276723343879, "max": 0.0006124950014054775, "mean": 0.0005482347798533738, "std": 2.6594605780175703e-05, "repeat": 10, "number": 16}, {"ci_99": [0.03885967284440994, 0.04094840120524168], "q_25": 0.03940552077256143, "q_75": 0.040659316815435886, "min": 0.03885967284440994, "max": 0.04094840120524168, "mean": 0.04002656312659383, "std": 0.0007001272085505766, "repeat": 10, "number": 1}, {"ci_99": [0.03908745478838682, 0.040462130680680275], "q_25": 0.039108448661863804, "q_75": 0.04027913394384086, "min": 0.03908745478838682, "max": 0.040462130680680275, "mean": 0.03971094843000174, "std": 0.0005788280065468765, "repeat": 10, "number": 1}, {"ci_99": [0.0005400337708684114, 0.0007896280775849635], "q_25": 0.0005457484199164006, "q_75": 0.0006868488943347564, "min": 0.0005400337708684114, "max": 0.0007896280775849635, "mean": 0.000627054818547689, "std": 8.65303593421939e-05, "repeat": 10, "number": 13}, {"ci_99": [0.0005275955280432334, 0.0006407052278518677], "q_25": 0.0005317660800826091, "q_75": 0.0005550737528560254, "min": 0.0005275955280432334, "max": 0.0006407052278518677, "mean": 0.0005567256361246109, "std": 3.623474325151834e-05, "repeat": 10, "number": 13}, {"ci_99": [0.040047711692750454, 0.04055748786777258], "q_25": 0.04027057997882366, "q_75": 0.0404441540595144, "min": 0.040047711692750454, "max": 0.04055748786777258, "mean": 0.04035248346626759, "std": 0.00014173028341967503, "repeat": 10, "number": 1}, {"ci_99": [0.03908407501876354, 0.040858540683984756], "q_25": 0.03916872548870742, "q_75": 0.04032253846526146, "min": 0.03908407501876354, "max": 0.040858540683984756, "mean": 0.03977937046438455, "std": 0.0006373695729151045, "repeat": 10, "number": 1}], "params": [["'univar_normal'", "'multivar_normal'", "'matrixvar_normal'", "'symmatrixvar_normal'", "'operatorvar_normal'"], ["'pdf'", "'logpdf'", "'cdf'", "'logcdf'"]]}, "random_variables.Sampling.time_sample": {"result": [6.267319179394028e-05, 0.00020938384912761989, 0.0014612672966904938, 0.037966310046613216, 0.03826705692335963],