{"results": {"ivpsolve.IVPSolve.time_solve": {"result": null, "params": [["'eks0'", "'ekf0'"], ["'with'", "'without'"], ["'ibm4'", "'ioup4'", "'matern92'"]]}, "linearsolvers.LinSolve.time_solve": {"result": [0.026654851622879505, 0.003917261958122253], "stats": [{"ci_99": [0.026549294590950012, 0.02682375628501177], "q_25": 0.02663391549140215, "q_75": 0.02668559434823692, "min": 0.026549294590950012, "max": 0.02682375628501177, "mean": 0.026663176715373993, "std": 7.24366559247153e-05, "repeat": 10, "number": 1}, {"ci_99": [0.003907633014023304, 0.003956374091406663], "q_25": 0.003914383317654331, "q_75": 0.003923384860778849, "min": 0.003907633014023304, "max": 0.003956374091406663, "mean": 0.003921495688458284, "std": 1.3272271105961281e-05, "repeat": 10, "number": 3}], "params": [["'sparse'", "'dense'"]]}, "linearsolvers.PosteriorDist.time_sample": {"result": [0.002128874184563756, 0.023027389775961637, 0.02351637650281191], "stats": [{"ci_99": [0.0020862924866378307, 0.0021990862054129443], "q_25": 0.0021211106795817614, "q_75": 0.002170200110413134, "min": 0.0020862924866378307, "max": 0.0021990862054129443, "mean": 0.0021407728238652148, "std": 3.5132981680102633e-05, "repeat": 10, "number": 6}, {"ci_99": [0.01928407046943903, 0.027318577282130718], "q_25": 0.019586369628086686, "q_75": 0.026965236756950617, "min": 0.01928407046943903, "max": 0.027318577282130718, "mean": 0.023230049572885037, "std": 0.0036958307193573955, "repeat": 10, "number": 1}, {"ci_99": [0.020174048840999603, 0.02824864163994789], "q_25": 0.02060055290348828, "q_75": 0.028120361967012286, "min": 0.020174048840999603, "max": 0.02824864163994789, "mean": 0.024157980177551507, "std": 0.003680372056649618, "repeat": 10, "number": 1}], "params": [["'solution'", "'matrix'", "'matrix_inverse'"]]}, "random_variables.Functions.time_distr_functions": {"result": [8.416898194546542e-05, 8.518433183311454e-05, 7.355139301768665e-05, 7.655214764835204e-05, 9.99082799956023e-05, 9.96778973124244e-05, 0.004756768622125188, 0.005095142017429073, 0.0005278411554172635, 0.0006690331792924553, 0.03893944760784507, 0.03883079765364528, 0.0006652863812632859, 0.0005311367567628622, 0.03966021863743663, 0.03887832071632147, 0.0005181510059628636, 0.000517596461577341, 0.03873080387711525, 0.03865099558606744], "stats": [{"ci_99": [8.331729514786035e-05, 8.478620636069085e-05], "q_25": 8.367024716143766e-05, "q_75": 8.440375027885614e-05, "min": 8.331729514786035e-05, "max": 8.478620636069085e-05, "mean": 8.407638769997052e-05, "std": 4.4439317322749796e-07, "repeat": 10, "number": 121}, {"ci_99": [8.41885489682036e-05, 8.65175614073392e-05], "q_25": 8.506655520308883e-05, "q_75": 8.578302954593975e-05, "min": 8.41885489682036e-05, "max": 8.65175614073392e-05, "mean": 8.534847443262415e-05, "std": 6.335035107240458e-07, "repeat": 10, "number": 124}, {"ci_99": [7.275561320370642e-05, 7.380577253884282e-05], "q_25": 7.338412587755714e-05, "q_75": 7.362198566311392e-05, "min": 7.275561320370642e-05, "max": 7.380577253884282e-05, "mean": 7.346070660599348e-05, "std": 2.903155344863146e-07, "repeat": 10, "number": 145}, {"ci_99": [7.591503398383364e-05, 7.688514340449782e-05], "q_25": 7.651127731044064e-05, "q_75": 7.664897266830154e-05, "min": 7.591503398383364e-05, "max": 7.688514340449782e-05, "mean": 7.654800257809898e-05, "std": 2.424094823641445e-07, "repeat": 10, "number": 136}, {"ci_99": [9.861183408872191e-05, 0.00011982276182935899], "q_25": 9.969295653323811e-05, "q_75": 0.00010206296490168716, "min": 9.861183408872191e-05, "max": 0.00011982276182935899, "mean": 0.00010284203474959695, "std": 6.253174804311895e-06, "repeat": 10, "number": 83}, {"ci_99": [9.828839789737354e-05, 0.00016534656963565134], "q_25": 9.908089837567372e-05, "q_75": 0.00010156516324390065, "min": 9.828839789737354e-05, "max": 0.00016534656963565134, "mean": 0.00010910627516833218, "std": 2.0712834602068846e-05, "repeat": 10, "number": 55}, {"ci_99": [0.002254712861031294, 0.012161008547991514], "q_25": 0.004563889466226101, "q_75": 0.005136052651020388, "min": 0.002254712861031294, "max": 0.012161008547991514, "mean": 0.005713417955363791, "std": 0.0031998775684365793, "repeat": 10, "number": 6}, {"ci_99": [0.002260324234763781, 0.012630669710536798], "q_25": 0.004330557615806659, "q_75": 0.005662239661129813, "min": 0.002260324234763781, "max": 0.012630669710536798, "mean": 0.005857918333883086, "std": 0.003147663229878005, "repeat": 10, "number": 6}, {"ci_99": [0.0005159804131835699, 0.0005869067390449345], "q_25": 0.0005210372764850035, "q_75": 0.000543672387721017, "min": 0.0005159804131835699, "max": 0.0005869067390449345, "mean": 0.0005373163789045065, "std": 2.3311598469889285e-05, "repeat": 10, "number": 16}, {"ci_99": [0.0005244146450422704, 0.00078116002259776], "q_25": 0.0005317041359376162, "q_75": 0.000678751224768348, "min": 0.0005244146450422704, "max": 0.00078116002259776, "mean": 0.0006352346623316407, "std": 9.348727653863323e-05, "repeat": 10, "number": 16}, {"ci_99": [0.03866213094443083, 0.04164146352559328], "q_25": 0.03871803730726242, "q_75": 0.0393583404365927, "min": 0.03866213094443083, "max": 0.04164146352559328, "mean": 0.039244489185512064, "std": 0.0008559544847220315, "repeat": 10, "number": 1}, {"ci_99": [0.038534644059836864, 0.03910070098936558], "q_25": 0.03876777761615813, "q_75": 0.038890748750418425, "min": 0.038534644059836864, "max": 0.03910070098936558, "mean": 0.03883040593937039, "std": 0.00014013269186021924, "repeat": 10, "number": 1}, {"ci_99": [0.0005188795039430261, 0.0007037611212581396], "q_25": 0.000523764654644765, "q_75": 0.000669540444505401, "min": 0.0005188795039430261, "max": 0.0007037611212581396, "mean": 0.0006136744865216315, "std": 7.554779389798487e-05, "repeat": 10, "number": 16}, {"ci_99": [0.0005229154291252295, 0.0008162806431452433], "q_25": 0.0005272346509930989, "q_75": 0.0006106874401060244, "min": 0.0005229154291252295, "max": 0.0008162806431452433, "mean": 0.0005796522988627354, "std": 8.958149673722982e-05, "repeat": 10, "number": 12}, {"ci_99": [0.03860419895499945, 0.04122940916568041], "q_25": 0.038726614555343986, "q_75": 0.040597046725451946, "min": 0.03860419895499945, "max": 0.04122940916568041, "mean": 0.039704123698174956, "std": 0.0010119534209285883, "repeat": 10, "number": 1}, {"ci_99": [0.03840404190123081, 0.03939852491021156], "q_25": 0.038639661855995655, "q_75": 0.03906180546618998, "min": 0.03840404190123081, "max": 0.03939852491021156, "mean": 0.03886053822934628, "std": 0.000286046280487326, "repeat": 10, "number": 1}, {"ci_99": [0.0005094017251394689, 0.0007033903384581208], "q_25": 0.0005111076607136056, "q_75": 0.0005265229847282171, "min": 0.0005094017251394689, "max": 0.0007033903384581208, "mean": 0.0005440294975414872, "std": 5.95739536500814e-05, "repeat": 10, "number": 16}, {"ci_99": [0.0005086486926302314, 0.0006526655051857233], "q_25": 0.0005139939021319151, "q_75": 0.0005191223026486114, "min": 0.0005086486926302314, "max": 0.0006526655051857233, "mean": 0.000531914975726977, "std": 4.125605642470228e-05, "repeat": 10, "number": 16}, {"ci_99": [0.038440436124801636, 0.03958877269178629], "q_25": 0.038664891850203276, "q_75": 0.0389594784937799, "min": 0.038440436124801636, "max": 0.03958877269178629, "mean": 0.03885912168771029, "std": 0.00032969502957470534, "repeat": 10, "number": 1}, {"ci_99": [0.03836721554398537, 0.03930471558123827], "q_25": 0.03859511739574373, "q_75": 0.03885049722157419, "min": 0.03836721554398537, "max": 0.03930471558123827, "mean": 0.038766261842101815, "std": 0.00029577360683230277, "repeat": 10, "number": 1}], "params": [["'univar_normal'", "'multivar_normal'", "'matrixvar_normal'", "'symmatrixvar_normal'", "'operatorvar_normal'"], ["'pdf'", "'logpdf'", "'cdf'", "'logcdf'"]]}, "random_variables.Sampling.time_sample": {"result": [6.228052946024163e-05, 0.00020735691158244244, 0.001489458605647087, 0.03768366761505604, 0.037572883535176516],