{"results": {"ivpsolve.IVPSolve.time_solve": {"result": null, "params": [["'eks0'", "'ekf0'"], ["'with'", "'without'"], ["'ibm4'", "'ioup4'", "'matern92'"]]}, "linearsolvers.LinSolve.time_solve": {"result": [0.026932326145470142, 0.00402081540475289], "stats": [{"ci_99": [0.02665394451469183, 0.027255019173026085], "q_25": 0.02667860733345151, "q_75": 0.027153756469488144, "min": 0.02665394451469183, "max": 0.027255019173026085, "mean": 0.026935887057334185, "std": 0.0002412683596741302, "repeat": 10, "number": 1}, {"ci_99": [0.003910295354823272, 0.004055409071346124], "q_25": 0.003961542077983419, "q_75": 0.004038359892244141, "min": 0.003910295354823272, "max": 0.004055409071346124, "mean": 0.003999296606828769, "std": 5.00419888577654e-05, "repeat": 10, "number": 3}], "params": [["'sparse'", "'dense'"]]}, "linearsolvers.PosteriorDist.time_sample": {"result": [0.00208410550840199, 0.0235058618709445, 0.02065910305827856], "stats": [{"ci_99": [0.002027828091134628, 0.0021280843454102674], "q_25": 0.0020590307346234718, "q_75": 0.002118482176835338, "min": 0.002027828091134628, "max": 0.0021280843454102674, "mean": 0.0020836340573926766, "std": 3.663776495358047e-05, "repeat": 10, "number": 6}, {"ci_99": [0.020308174192905426, 0.02842418197542429], "q_25": 0.02044388698413968, "q_75": 0.02831645426340401, "min": 0.020308174192905426, "max": 0.02842418197542429, "mean": 0.024205916840583087, "std": 0.003805971984545672, "repeat": 10, "number": 1}, {"ci_99": [0.020096332766115665, 0.033251648768782616], "q_25": 0.02051596762612462, "q_75": 0.02069731242954731, "min": 0.020096332766115665, "max": 0.033251648768782616, "mean": 0.021814715676009656, "std": 0.0038175213571388653, "repeat": 10, "number": 1}], "params": [["'solution'", "'matrix'", "'matrix_inverse'"]]}, "random_variables.Functions.time_distr_functions": {"result": [8.520290997447604e-05, 8.506124328461385e-05, 7.398074910956986e-05, 7.650018567695235e-05, 0.00010269522470863243, 0.00010209778662432324, 0.004761828342452645, 0.004772002110257745, 0.0005285860970616341, 0.0005254973075352609, 0.038981427904218435, 0.03907225327566266, 0.0005362822266761214, 0.0005322997100078142, 0.038880037143826485, 0.0388149106875062, 0.0005967030301690102, 0.0005196700803935528, 0.04064187640324235, 0.03879501949995756], "stats": [{"ci_99": [8.370815697362868e-05, 8.614958753272639e-05], "q_25": 8.470587969078855e-05, "q_75": 8.549993676212379e-05, "min": 8.370815697362868e-05, "max": 8.614958753272639e-05, "mean": 8.505816823976524e-05, "std": 6.994181067069584e-07, "repeat": 10, "number": 118}, {"ci_99": [8.439532511176602e-05, 8.621983109943329e-05], "q_25": 8.489388874882172e-05, "q_75": 8.566607345616624e-05, "min": 8.439532511176602e-05, "max": 8.621983109943329e-05, "mean": 8.521837993494926e-05, "std": 5.349195117562343e-07, "repeat": 10, "number": 124}, {"ci_99": [7.30985078681894e-05, 7.497560435614619e-05], "q_25": 7.364722000447665e-05, "q_75": 7.434766486185749e-05, "min": 7.30985078681894e-05, "max": 7.497560435614619e-05, "mean": 7.404276378908937e-05, "std": 5.465520379060228e-07, "repeat": 10, "number": 147}, {"ci_99": [7.623094847820102e-05, 7.752416804976707e-05], "q_25": 7.637428718000432e-05, "q_75": 7.681925713091436e-05, "min": 7.623094847820102e-05, "max": 7.752416804976707e-05, "mean": 7.66366434684635e-05, "std": 3.757860724163001e-07, "repeat": 10, "number": 137}, {"ci_99": [0.00010211597474520666, 0.00017075090293298687], "q_25": 0.00010224819395756512, "q_75": 0.00010784916792130261, "min": 0.00010211597474520666, "max": 0.00017075090293298687, "mean": 0.00011307896000512859, "std": 2.1306626962738415e-05, "repeat": 10, "number": 57}, {"ci_99": [0.00010124780237674713, 0.00016271759840575132], "q_25": 0.00010167407295243305, "q_75": 0.00011331163854761557, "min": 0.00010124780237674713, "max": 0.00016271759840575132, "mean": 0.00011463917791843412, "std": 2.2445321493076904e-05, "repeat": 10, "number": 55}, {"ci_99": [0.0022735614329576492, 0.006199141964316368], "q_25": 0.004745481768622994, "q_75": 0.005608225939795375, "min": 0.0022735614329576492, "max": 0.006199141964316368, "mean": 0.004692164249718189, "std": 0.0013263593498579823, "repeat": 10, "number": 2}, {"ci_99": [0.0022980822250247, 0.007699257228523493], "q_25": 0.004759162664413452, "q_75": 0.006211955449543893, "min": 0.0022980822250247, "max": 0.007699257228523493, "mean": 0.005168315442278981, "std": 0.0014207078523583853, "repeat": 10, "number": 2}, {"ci_99": [0.0005206803146463174, 0.000598878814623906], "q_25": 0.0005264915884114228, "q_75": 0.0005457007970947486, "min": 0.0005206803146463174, "max": 0.000598878814623906, "mean": 0.0005405563216369885, "std": 2.3314218944923566e-05, "repeat": 10, "number": 13}, {"ci_99": [0.000506443262565881, 0.00061464449390769], "q_25": 0.0005147048213984817, "q_75": 0.0005345213721739128, "min": 0.000506443262565881, "max": 0.00061464449390769, "mean": 0.0005364398355595767, "std": 3.296156380470092e-05, "repeat": 10, "number": 16}, {"ci_99": [0.03879059664905071, 0.039565207436680794], "q_25": 0.0389123170170933, "q_75": 0.03924144525080919, "min": 0.03879059664905071, "max": 0.039565207436680794, "mean": 0.0390850474126637, "std": 0.0002396023365318567, "repeat": 10, "number": 1}, {"ci_99": [0.038818299770355225, 0.03950130380690098], "q_25": 0.0389829003252089, "q_75": 0.03913913504220545, "min": 0.038818299770355225, "max": 0.03950130380690098, "mean": 0.039112664945423606, "std": 0.0002087866245386201, "repeat": 10, "number": 1}, {"ci_99": [0.0005202836473472416, 0.000565110647585243], "q_25": 0.0005225759814493358, "q_75": 0.0005418989021563902, "min": 0.0005202836473472416, "max": 0.000565110647585243, "mean": 0.0005355725297704339, "std": 1.36357407208977e-05, "repeat": 10, "number": 16}, {"ci_99": [0.00052055107572904, 0.0005826980162125367], "q_25": 0.0005240397026332525, "q_75": 0.0005362772633536503, "min": 0.00052055107572904, "max": 0.0005826980162125367, "mean": 0.0005376121602379358, "std": 1.9126162719928202e-05, "repeat": 10, "number": 13}, {"ci_99": [0.03854275029152632, 0.03988960850983858], "q_25": 0.038757835514843464, "q_75": 0.03899092832580209, "min": 0.03854275029152632, "max": 0.03988960850983858, "mean": 0.03894635597243905, "std": 0.0003511964937519923, "repeat": 10, "number": 1}, {"ci_99": [0.03829300496727228, 0.03920521214604378], "q_25": 0.038610257441177964, "q_75": 0.038889017421752214, "min": 0.03829300496727228, "max": 0.03920521214604378, "mean": 0.0387805269099772, "std": 0.00025268714752240345, "repeat": 10, "number": 1}, {"ci_99": [0.0005235838918731763, 0.0007291740666215236], "q_25": 0.000528603344439314, "q_75": 0.0006654132873966143, "min": 0.0005235838918731763, "max": 0.0007291740666215236, "mean": 0.0006033291753668052, "std": 7.746122281750138e-05, "repeat": 10, "number": 13}, {"ci_99": [0.0005083566647954285, 0.0006485909107141197], "q_25": 0.000516746862558648, "q_75": 0.0005305325903464109, "min": 0.0005083566647954285, "max": 0.0006485909107141197, "mean": 0.000538765877718106, "std": 4.2186880058999544e-05, "repeat": 10, "number": 16}, {"ci_99": [0.0403739707544446, 0.041044360026717186], "q_25": 0.0405995137989521, "q_75": 0.04083637613803148, "min": 0.0403739707544446, "max": 0.041044360026717186, "mean": 0.040688497107476, "std": 0.00020190327970669993, "repeat": 10, "number": 1}, {"ci_99": [0.03841925226151943, 0.03922353498637676], "q_25": 0.03872880386188626, "q_75": 0.03885044786147773, "min": 0.03841925226151943, "max": 0.03922353498637676, "mean": 0.03880342096090317, "std": 0.00019643546524702663, "repeat": 10, "number": 1}], "params": [["'univar_normal'", "'multivar_normal'", "'matrixvar_normal'", "'symmatrixvar_normal'", "'operatorvar_normal'"], ["'pdf'", "'logpdf'", "'cdf'", "'logcdf'"]]}, "random_variables.Sampling.time_sample": {"result": [6.19833745234619e-05, 0.00020763819786505058, 0.0020074560306966305, 0.037191429641097784, 0.037412009201943874],