{"results": {"ivpsolve.IVPSolve.time_solve": {"result": null, "params": [["'eks0'", "'ekf0'"], ["'with'", "'without'"], ["'ibm4'", "'ioup4'", "'matern92'"]]}, "linearsolvers.LinSolve.time_solve": {"result": [0.026819408871233463, 0.0039637548228104915], "stats": [{"ci_99": [0.026723314076662064, 0.02702335175126791], "q_25": 0.026780508691444993, "q_75": 0.026867958484217525, "min": 0.026723314076662064, "max": 0.02702335175126791, "mean": 0.026831563096493483, "std": 8.4023560463696e-05, "repeat": 10, "number": 1}, {"ci_99": [0.0039205001667141914, 0.0039982252443830175], "q_25": 0.003956031830360492, "q_75": 0.0039774685477217036, "min": 0.0039205001667141914, "max": 0.0039982252443830175, "mean": 0.003965471219271422, "std": 2.1391723877766227e-05, "repeat": 10, "number": 3}], "params": [["'sparse'", "'dense'"]]}, "linearsolvers.PosteriorDist.time_sample": {"result": [0.0020875831445058184, 0.023592744022607803, 0.022740942891687155], "stats": [{"ci_99": [0.0020660109197100005, 0.0021233283914625645], "q_25": 0.00207696994766593, "q_75": 0.00211031719421347, "min": 0.0020660109197100005, "max": 0.0021233283914625645, "mean": 0.0020917779455582306, "std": 1.9435032407056676e-05, "repeat": 10, "number": 6}, {"ci_99": [0.02040951419621706, 0.028044003061950207], "q_25": 0.020639593014493585, "q_75": 0.028008674271404743, "min": 0.02040951419621706, "max": 0.028044003061950207, "mean": 0.024134820327162743, "std": 0.003607616384401101, "repeat": 10, "number": 1}, {"ci_99": [0.019236224703490734, 0.026275549083948135], "q_25": 0.019555505365133286, "q_75": 0.025959711289033294, "min": 0.019236224703490734, "max": 0.026275549083948135, "mean": 0.022748756129294632, "std": 0.003267873072133549, "repeat": 10, "number": 1}], "params": [["'solution'", "'matrix'", "'matrix_inverse'"]]}, "random_variables.Functions.time_distr_functions": {"result": [8.545157634803365e-05, 8.52717348607257e-05, 7.418949170025079e-05, 7.760091543649182e-05, 0.00010250687667327683, 9.990585278029794e-05, 0.0031370199285447598, 0.002620302955619991, 0.0005445124294895392, 0.0005428349763593253, 0.03988228738307953, 0.03973446320742369, 0.0005332370288670063, 0.000529449142049998, 0.03973307320848107, 0.039718199986964464, 0.0005384964438585134, 0.000542636572693785, 0.03968256991356611, 0.03970441501587629], "stats": [{"ci_99": [8.365733458870841e-05, 8.82740432937299e-05], "q_25": 8.501772460858188e-05, "q_75": 8.569503270630395e-05, "min": 8.365733458870841e-05, "max": 8.82740432937299e-05, "mean": 8.563509796776118e-05, "std": 1.4062952518713278e-06, "repeat": 10, "number": 124}, {"ci_99": [8.351177530130371e-05, 8.711589180165902e-05], "q_25": 8.488005914841779e-05, "q_75": 8.554040505259763e-05, "min": 8.351177530130371e-05, "max": 8.711589180165902e-05, "mean": 8.521624258719384e-05, "std": 8.802484227521975e-07, "repeat": 10, "number": 128}, {"ci_99": [7.265603651742002e-05, 7.474649098369625e-05], "q_25": 7.36019020522391e-05, "q_75": 7.443466562439095e-05, "min": 7.265603651742002e-05, "max": 7.474649098369625e-05, "mean": 7.399997993053256e-05, "std": 6.053970865867871e-07, "repeat": 10, "number": 143}, {"ci_99": [7.665987041863528e-05, 8.103020743212916e-05], "q_25": 7.72956462407654e-05, "q_75": 7.85934054433848e-05, "min": 7.665987041863528e-05, "max": 8.103020743212916e-05, "mean": 7.818518629805608e-05, "std": 1.4996490868376872e-06, "repeat": 10, "number": 132}, {"ci_99": [0.00010098736142603362, 0.00013669008934279767], "q_25": 0.00010139092791643811, "q_75": 0.00010311823599494812, "min": 0.00010098736142603362, "max": 0.00013669008934279767, "mean": 0.00010725328494317647, "std": 1.1150621990558032e-05, "repeat": 10, "number": 82}, {"ci_99": [9.829561329550213e-05, 0.0001023159000194735], "q_25": 9.962029677505294e-05, "q_75": 0.0001007451943156344, "min": 9.829561329550213e-05, "max": 0.0001023159000194735, "mean": 0.00010014145928262559, "std": 1.0155477433984366e-06, "repeat": 10, "number": 108}, {"ci_99": [0.0007671227678656578, 0.011916741356253624], "q_25": 0.0016608335543423888, "q_75": 0.006347356457263231, "min": 0.0007671227678656578, "max": 0.011916741356253624, "mean": 0.004663314372301101, "std": 0.003909607887292314, "repeat": 10, "number": 5}, {"ci_99": [0.0007717437110841274, 0.009748286567628384], "q_25": 0.0016561136581003666, "q_75": 0.006751691922545433, "min": 0.0007717437110841274, "max": 0.009748286567628384, "mean": 0.004170896275900305, "std": 0.0032195716628821624, "repeat": 10, "number": 4}, {"ci_99": [0.0005309869033785966, 0.0007842668833640906], "q_25": 0.0005419825096256458, "q_75": 0.0005594225098880437, "min": 0.0005309869033785966, "max": 0.0007842668833640906, "mean": 0.0005782971660105082, "std": 7.542008266092821e-05, "repeat": 10, "number": 13}, {"ci_99": [0.0005330636768656619, 0.000583867761580383], "q_25": 0.0005378486205111532, "q_75": 0.0005473403588813893, "min": 0.0005330636768656619, "max": 0.000583867761580383, "mean": 0.0005481759743655429, "std": 1.6005389333510537e-05, "repeat": 10, "number": 17}, {"ci_99": [0.03938104212284088, 0.040092927403748035], "q_25": 0.03980044135823846, "q_75": 0.040035271318629384, "min": 0.03938104212284088, "max": 0.040092927403748035, "mean": 0.039858512580394745, "std": 0.00021986925855125043, "repeat": 10, "number": 1}, {"ci_99": [0.03863804414868355, 0.040055993013083935], "q_25": 0.03909661155194044, "q_75": 0.03988306084647775, "min": 0.03863804414868355, "max": 0.040055993013083935, "mean": 0.03951261695474386, "std": 0.0004675324659541178, "repeat": 10, "number": 1}, {"ci_99": [0.000516976664463679, 0.0007017864535252253], "q_25": 0.0005228075664490461, "q_75": 0.0005417502329995235, "min": 0.000516976664463679, "max": 0.0007017864535252253, "mean": 0.0005500091860691706, "std": 5.23298183221931e-05, "repeat": 10, "number": 15}, {"ci_99": [0.0005241850740276277, 0.0005914245266467333], "q_25": 0.0005265613435767591, "q_75": 0.0005352103034965694, "min": 0.0005241850740276277, "max": 0.0005914245266467333, "mean": 0.0005407909862697125, "std": 2.4086472294923466e-05, "repeat": 10, "number": 16}, {"ci_99": [0.03952478710561991, 0.04028733354061842], "q_25": 0.03967184270732105, "q_75": 0.03979023010469973, "min": 0.03952478710561991, "max": 0.04028733354061842, "mean": 0.03978058248758316, "std": 0.00019691819907359585, "repeat": 10, "number": 1}, {"ci_99": [0.03934518061578274, 0.040045116096735], "q_25": 0.03962424863129854, "q_75": 0.03980649425648153, "min": 0.03934518061578274, "max": 0.040045116096735, "mean": 0.03971614129841328, "std": 0.00018019404805714667, "repeat": 10, "number": 1}, {"ci_99": [0.0005294815995372259, 0.0006009431269306403], "q_25": 0.0005317516804028016, "q_75": 0.0005419863065561423, "min": 0.0005294815995372259, "max": 0.0006009431269306403, "mean": 0.0005432873319547911, "std": 1.9993785039383655e-05, "repeat": 10, "number": 13}, {"ci_99": [0.0005252053961157799, 0.0008543620351701975], "q_25": 0.0005339809771006306, "q_75": 0.0005837202188558877, "min": 0.0005252053961157799, "max": 0.0008543620351701975, "mean": 0.0005930700572207571, "std": 0.00010339517608628971, "repeat": 10, "number": 12}, {"ci_99": [0.03935808874666691, 0.039754725992679596], "q_25": 0.03967002686113119, "q_75": 0.03974267886951566, "min": 0.03935808874666691, "max": 0.039754725992679596, "mean": 0.039642530493438244, "std": 0.00014149071790860176, "repeat": 10, "number": 1}, {"ci_99": [0.03925410658121109, 0.04219870921224356], "q_25": 0.03965945006348193, "q_75": 0.0397839464712888, "min": 0.03925410658121109, "max": 0.04219870921224356, "mean": 0.039927147701382636, "std": 0.000773359840310801, "repeat": 10, "number": 1}], "params": [["'univar_normal'", "'multivar_normal'", "'matrixvar_normal'", "'symmatrixvar_normal'", "'operatorvar_normal'"], ["'pdf'", "'logpdf'", "'cdf'", "'logcdf'"]]}, "random_variables.Sampling.time_sample": {"result": [6.295705607496433e-05, 0.0002091725070316058, 0.0019761917646974325, 0.03789678169414401, 0.03777015209197998],