{"results": {"ivpsolve.IVPSolve.time_solve": {"result": null, "params": [["'eks0'", "'ekf0'"], ["'with'", "'without'"], ["'ibm4'", "'ioup4'", "'matern92'"]]}, "linearsolvers.LinSolve.time_solve": {"result": [0.02666760142892599, 0.003896691525975863], "stats": [{"ci_99": [0.026508554816246033, 0.026959560811519623], "q_25": 0.02654158091172576, "q_75": 0.026767119532451034, "min": 0.026508554816246033, "max": 0.026959560811519623, "mean": 0.026674916595220567, "std": 0.00013695020252987196, "repeat": 10, "number": 1}, {"ci_99": [0.0038869154329101243, 0.00390511533866326], "q_25": 0.003893225143353144, "q_75": 0.003902970269943277, "min": 0.0038869154329101243, "max": 0.00390511533866326, "mean": 0.00389751944070061, "std": 5.9690357446120194e-06, "repeat": 10, "number": 3}], "params": [["'sparse'", "'dense'"]]}, "linearsolvers.PosteriorDist.time_sample": {"result": [0.0021300616984566054, 0.022678541485220194, 0.023638269864022732], "stats": [{"ci_99": [0.0020529188526173434, 0.002181564923375845], "q_25": 0.0020867402587706843, "q_75": 0.0021586662235980234, "min": 0.0020529188526173434, "max": 0.002181564923375845, "mean": 0.0021214000415056946, "std": 4.652911673615079e-05, "repeat": 10, "number": 6}, {"ci_99": [0.019150836393237114, 0.02624073438346386], "q_25": 0.019481532974168658, "q_75": 0.026113895000889897, "min": 0.019150836393237114, "max": 0.02624073438346386, "mean": 0.02274468820542097, "std": 0.0033219947795147474, "repeat": 10, "number": 1}, {"ci_99": [0.020306426100432873, 0.028175615705549717], "q_25": 0.020715860417112708, "q_75": 0.02783722127787769, "min": 0.020306426100432873, "max": 0.028175615705549717, "mean": 0.02416145820170641, "std": 0.0035155750642699435, "repeat": 10, "number": 1}], "params": [["'solution'", "'matrix'", "'matrix_inverse'"]]}, "random_variables.Functions.time_distr_functions": {"result": [8.702367995283566e-05, 8.767977910670074e-05, 7.622138925379128e-05, 7.629179906912316e-05, 0.00010316404937343163, 0.00010010331914008381, 0.005582156241871417, 0.006037523620761931, 0.0005428320011840417, 0.0005287769890855998, 0.03893433324992657, 0.03886962356045842, 0.0005244454368948936, 0.0005236031720414758, 0.03879305114969611, 0.03881552955135703, 0.0006627140280145865, 0.0005210024246480316, 0.038686585146933794, 0.03877836745232344], "stats": [{"ci_99": [8.359018102055416e-05, 9.041500743478537e-05], "q_25": 8.392073141294532e-05, "q_75": 8.959181832324248e-05, "min": 8.359018102055416e-05, "max": 9.041500743478537e-05, "mean": 8.686734872753732e-05, "std": 2.8580430632833186e-06, "repeat": 10, "number": 128}, {"ci_99": [8.428661437990429e-05, 9.072233864047505e-05], "q_25": 8.47662182373775e-05, "q_75": 9.031291539268987e-05, "min": 8.428661437990429e-05, "max": 9.072233864047505e-05, "mean": 8.754675435993048e-05, "std": 2.820360572191271e-06, "repeat": 10, "number": 111}, {"ci_99": [7.325574326858247e-05, 7.915449255018783e-05], "q_25": 7.369429904887146e-05, "q_75": 7.892501533781882e-05, "min": 7.325574326858247e-05, "max": 7.915449255018783e-05, "mean": 7.624361302248009e-05, "std": 2.697810701683476e-06, "repeat": 10, "number": 139}, {"ci_99": [7.580182185970752e-05, 7.697706691976776e-05], "q_25": 7.601598053610414e-05, "q_75": 7.641400714733995e-05, "min": 7.580182185970752e-05, "max": 7.697706691976776e-05, "mean": 7.626350156794814e-05, "std": 3.196564586628974e-07, "repeat": 10, "number": 133}, {"ci_99": [0.00010172614658420736, 0.0001649693162603812], "q_25": 0.00010229278017174114, "q_75": 0.00010769315995275975, "min": 0.00010172614658420736, "max": 0.0001649693162603812, "mean": 0.00011075331406159834, "std": 1.8494629646332634e-05, "repeat": 10, "number": 55}, {"ci_99": [9.912310774067798e-05, 0.00012420130197901325], "q_25": 9.982611883027726e-05, "q_75": 0.00010349435720547854, "min": 9.912310774067798e-05, "max": 0.00012420130197901325, "mean": 0.00010493518560227144, "std": 9.118099015916802e-06, "repeat": 10, "number": 83}, {"ci_99": [0.0012071940582245588, 0.007570527493953705], "q_25": 0.003424478927627206, "q_75": 0.007154329097829759, "min": 0.0012071940582245588, "max": 0.007570527493953705, "mean": 0.004946894920431077, "std": 0.002303352705820696, "repeat": 10, "number": 4}, {"ci_99": [0.0012346366420388222, 0.007505116518586874], "q_25": 0.003911821928340942, "q_75": 0.006801238632760942, "min": 0.0012346366420388222, "max": 0.007505116518586874, "mean": 0.005055904807522893, "std": 0.0021794569232401174, "repeat": 10, "number": 4}, {"ci_99": [0.0005307461206729596, 0.0008402662351727486], "q_25": 0.0005377138821551432, "q_75": 0.000565607906677402, "min": 0.0005307461206729596, "max": 0.0008402662351727486, "mean": 0.0005761310314902892, "std": 8.898954721547175e-05, "repeat": 10, "number": 13}, {"ci_99": [0.0005219687009230256, 0.0006196433678269386], "q_25": 0.0005271761619951576, "q_75": 0.0005328370170900598, "min": 0.0005219687009230256, "max": 0.0006196433678269386, "mean": 0.0005418779095634818, "std": 2.9257320922796978e-05, "repeat": 10, "number": 16}, {"ci_99": [0.03877412900328636, 0.04140815231949091], "q_25": 0.0388418291695416, "q_75": 0.03906215401366353, "min": 0.03877412900328636, "max": 0.04140815231949091, "mean": 0.03918606722727418, "std": 0.0007498776684148425, "repeat": 10, "number": 1}, {"ci_99": [0.038643636740744114, 0.039410848170518875], "q_25": 0.03878070809878409, "q_75": 0.038981854915618896, "min": 0.038643636740744114, "max": 0.039410848170518875, "mean": 0.038901081029325726, "std": 0.0002071124828011648, "repeat": 10, "number": 1}, {"ci_99": [0.000518455385015561, 0.0006286122191410798], "q_25": 0.0005220116760868293, "q_75": 0.0005334274341853765, "min": 0.000518455385015561, "max": 0.0006286122191410798, "mean": 0.0005432630029435341, "std": 3.802918710950457e-05, "repeat": 10, "number": 13}, {"ci_99": [0.0005190756055526435, 0.0006280242814682424], "q_25": 0.0005202178581384942, "q_75": 0.0005287381209200248, "min": 0.0005190756055526435, "max": 0.0006280242814682424, "mean": 0.0005374112399294973, "std": 3.251813553514201e-05, "repeat": 10, "number": 16}, {"ci_99": [0.03857354074716568, 0.03931092191487551], "q_25": 0.03868724056519568, "q_75": 0.0388650787062943, "min": 0.03857354074716568, "max": 0.03931092191487551, "mean": 0.03881738735362887, "std": 0.00019749911994194438, "repeat": 10, "number": 1}, {"ci_99": [0.0384055320173502, 0.03962195944041014], "q_25": 0.03870497131720185, "q_75": 0.038930326234549284, "min": 0.0384055320173502, "max": 0.03962195944041014, "mean": 0.038854568637907504, "std": 0.00030342790570984257, "repeat": 10, "number": 1}, {"ci_99": [0.0005280380495465719, 0.0007864489005162165], "q_25": 0.0005316220116443359, "q_75": 0.0006761716750378792, "min": 0.0005280380495465719, "max": 0.0007864489005162165, "mean": 0.0006312111822458414, "std": 8.972712262911918e-05, "repeat": 10, "number": 13}, {"ci_99": [0.0005130420322529972, 0.000586262030992657], "q_25": 0.0005168596690054983, "q_75": 0.0005363932141335681, "min": 0.0005130420322529972, "max": 0.000586262030992657, "mean": 0.0005344139877706766, "std": 2.5593194285173155e-05, "repeat": 10, "number": 16}, {"ci_99": [0.038386992178857327, 0.039310690946877], "q_25": 0.03857496613636613, "q_75": 0.03888269327580929, "min": 0.038386992178857327, "max": 0.039310690946877, "mean": 0.03873885776847601, "std": 0.0002504178919271853, "repeat": 10, "number": 1}, {"ci_99": [0.038480659015476704, 0.03903530817478895], "q_25": 0.0386417624540627, "q_75": 0.03885472263209522, "min": 0.038480659015476704, "max": 0.03903530817478895, "mean": 0.038762398064136505, "std": 0.00015936680319772538, "repeat": 10, "number": 1}], "params": [["'univar_normal'", "'multivar_normal'", "'matrixvar_normal'", "'symmatrixvar_normal'", "'operatorvar_normal'"], ["'pdf'", "'logpdf'", "'cdf'", "'logcdf'"]]}, "random_variables.Sampling.time_sample": {"result": [6.181500241931142e-05, 0.00020817423458485042, 0.0020637229705850286, 0.03719302732497454, 0.037250126246362925],