{"results": {"ivpsolve.IVPSolve.time_solve": {"result": null, "params": [["'eks0'", "'ekf0'"], ["'with'", "'without'"], ["'ibm4'", "'ioup4'", "'matern92'"]]}, "linearsolvers.LinSolve.time_solve": {"result": [0.026702934876084328, 0.004036099339524904], "stats": [{"ci_99": [0.02654271014034748, 0.02690502069890499], "q_25": 0.026633163448423147, "q_75": 0.026759455678984523, "min": 0.02654271014034748, "max": 0.02690502069890499, "mean": 0.02670377567410469, "std": 9.809736006817504e-05, "repeat": 10, "number": 1}, {"ci_99": [0.003919273304442565, 0.004126017602781455], "q_25": 0.003953156449521582, "q_75": 0.004060533440982302, "min": 0.003919273304442565, "max": 0.004126017602781455, "mean": 0.004021619539707899, "std": 6.980713046038153e-05, "repeat": 10, "number": 3}], "params": [["'sparse'", "'dense'"]]}, "linearsolvers.PosteriorDist.time_sample": {"result": [0.0021288703040530286, 0.02272438956424594, 0.0196314612403512], "stats": [{"ci_99": [0.0020479687179128328, 0.0022328421473503113], "q_25": 0.002070929816303154, "q_75": 0.0022073069509739676, "min": 0.0020479687179128328, "max": 0.0022328421473503113, "mean": 0.0021356727151821053, "std": 7.344982741737113e-05, "repeat": 10, "number": 6}, {"ci_99": [0.020132715813815594, 0.026697495020926], "q_25": 0.02043170132674277, "q_75": 0.026464693946763873, "min": 0.020132715813815594, "max": 0.026697495020926, "mean": 0.023297835793346166, "std": 0.0029348681058362506, "repeat": 10, "number": 1}, {"ci_99": [0.01877591200172901, 0.020019899122416973], "q_25": 0.01907524443231523, "q_75": 0.019889591028913856, "min": 0.01877591200172901, "max": 0.020019899122416973, "mean": 0.019493704941123725, "std": 0.0004463855265340651, "repeat": 10, "number": 1}], "params": [["'solution'", "'matrix'", "'matrix_inverse'"]]}, "random_variables.Functions.time_distr_functions": {"result": [8.394411127046338e-05, 8.405262933057898e-05, 7.386610692215932e-05, 7.734321777454832e-05, 0.00010258558478842421, 0.00010013977925364787, 0.006750362925231457, 0.006701908939118897, 0.000541777744029577, 0.0005353582964744419, 0.039488517213612795, 0.03934440389275551, 0.0005205930501688272, 0.0005338602932170033, 0.0392145779915154, 0.04025694262236357, 0.0005224125052336603, 0.000518516986630857, 0.03904211241751909, 0.03939418913796544], "stats": [{"ci_99": [8.331531086775261e-05, 8.408715728465028e-05], "q_25": 8.368975204217622e-05, "q_75": 8.402988827956005e-05, "min": 8.331531086775261e-05, "max": 8.408715728465028e-05, "mean": 8.381312918357962e-05, "std": 2.760243601796566e-07, "repeat": 10, "number": 127}, {"ci_99": [8.395274302789144e-05, 8.448851960045951e-05], "q_25": 8.400477774190803e-05, "q_75": 8.433559291189959e-05, "min": 8.395274302789144e-05, "max": 8.448851960045951e-05, "mean": 8.416674843355388e-05, "std": 1.989753466913423e-07, "repeat": 10, "number": 119}, {"ci_99": [7.319118752068764e-05, 7.464462337461678e-05], "q_25": 7.359179152125443e-05, "q_75": 7.412787621236734e-05, "min": 7.319118752068764e-05, "max": 7.464462337461678e-05, "mean": 7.387661073054815e-05, "std": 4.212959718862772e-07, "repeat": 10, "number": 148}, {"ci_99": [7.604878875568058e-05, 7.770647238375562e-05], "q_25": 7.669361145941144e-05, "q_75": 7.748950773737195e-05, "min": 7.604878875568058e-05, "max": 7.770647238375562e-05, "mean": 7.711593978897187e-05, "std": 5.471660522289302e-07, "repeat": 10, "number": 132}, {"ci_99": [0.00010070845303012104, 0.00014778996658761326], "q_25": 0.00010205928531543509, "q_75": 0.00010329062721078717, "min": 0.00010070845303012104, "max": 0.00014778996658761326, "mean": 0.0001087455873990931, "std": 1.4311313647631527e-05, "repeat": 10, "number": 82}, {"ci_99": [9.784990778336159e-05, 0.0001075149943622259], "q_25": 9.974817005105509e-05, "q_75": 0.00010081224489766054, "min": 9.784990778336159e-05, "max": 0.0001075149943622259, "mean": 0.00010069287262665918, "std": 2.4334503379557194e-06, "repeat": 10, "number": 78}, {"ci_99": [0.0015380649960466794, 0.008867542924625533], "q_25": 0.0024220161139965057, "q_75": 0.008044202978323612, "min": 0.0015380649960466794, "max": 0.008867542924625533, "mean": 0.00545165077117937, "std": 0.0028718983191389174, "repeat": 10, "number": 7}, {"ci_99": [0.001520312258175441, 0.008802260405250959], "q_25": 0.0023908676978732857, "q_75": 0.008020323302064623, "min": 0.001520312258175441, "max": 0.008802260405250959, "mean": 0.005415374971926212, "std": 0.002860833183004724, "repeat": 10, "number": 7}, {"ci_99": [0.0005305182332029709, 0.0007448840456513258], "q_25": 0.0005350030349710812, "q_75": 0.0005499806004361464, "min": 0.0005305182332029709, "max": 0.0007448840456513258, "mean": 0.0005795127425629359, "std": 8.092270380757256e-05, "repeat": 10, "number": 13}, {"ci_99": [0.0005172824021428823, 0.0006369039183482528], "q_25": 0.0005230175011092797, "q_75": 0.0005434635386336595, "min": 0.0005172824021428823, "max": 0.0006369039183482528, "mean": 0.0005427369324024767, "std": 3.3019654999910115e-05, "repeat": 10, "number": 16}, {"ci_99": [0.03912585601210594, 0.0401387307792902], "q_25": 0.039238200057297945, "q_75": 0.039640657836571336, "min": 0.03912585601210594, "max": 0.0401387307792902, "mean": 0.039509504195302726, "std": 0.00030993755663205364, "repeat": 10, "number": 1}, {"ci_99": [0.039163682609796524, 0.039980797097086906], "q_25": 0.03926009335555136, "q_75": 0.039658357156440616, "min": 0.039163682609796524, "max": 0.039980797097086906, "mean": 0.03947498723864555, "std": 0.00028640471880608245, "repeat": 10, "number": 1}, {"ci_99": [0.0005160183645784855, 0.0005798069760203362], "q_25": 0.0005197861755732447, "q_75": 0.0005334196321200579, "min": 0.0005160183645784855, "max": 0.0005798069760203362, "mean": 0.0005333805223926902, "std": 2.242921060979767e-05, "repeat": 10, "number": 16}, {"ci_99": [0.0005224365158937871, 0.0006126274238340557], "q_25": 0.0005265071959001943, "q_75": 0.0005392202438088134, "min": 0.0005224365158937871, "max": 0.0006126274238340557, "mean": 0.0005402177921496332, "std": 2.50140401794459e-05, "repeat": 10, "number": 16}, {"ci_99": [0.03885980322957039, 0.03976817149668932], "q_25": 0.03902169922366738, "q_75": 0.03929275227710605, "min": 0.03885980322957039, "max": 0.03976817149668932, "mean": 0.03920175014063716, "std": 0.00024292815799087825, "repeat": 10, "number": 1}, {"ci_99": [0.038980282843112946, 0.04142199270427227], "q_25": 0.03924160171300173, "q_75": 0.041157177882269025, "min": 0.038980282843112946, "max": 0.04142199270427227, "mean": 0.04021761240437627, "std": 0.0010271712906355008, "repeat": 10, "number": 1}, {"ci_99": [0.0005106772878207266, 0.0006218668422661722], "q_25": 0.0005185090558370575, "q_75": 0.0005263944185571745, "min": 0.0005106772878207266, "max": 0.0006218668422661722, "mean": 0.0005362551950383931, "std": 3.367545143358231e-05, "repeat": 10, "number": 16}, {"ci_99": [0.0005050587933510542, 0.0006659504142589867], "q_25": 0.0005154840619070455, "q_75": 0.0005273469723761082, "min": 0.0005050587933510542, "max": 0.0006659504142589867, "mean": 0.0005401776579674333, "std": 4.9012860632925045e-05, "repeat": 10, "number": 16}, {"ci_99": [0.03888903744518757, 0.03933883924037218], "q_25": 0.03895556018687785, "q_75": 0.039191832998767495, "min": 0.03888903744518757, "max": 0.03933883924037218, "mean": 0.039076507557183504, "std": 0.0001423368786723262, "repeat": 10, "number": 1}, {"ci_99": [0.03897334448993206, 0.040399083867669106], "q_25": 0.03919758950360119, "q_75": 0.03957690089009702, "min": 0.03897334448993206, "max": 0.040399083867669106, "mean": 0.03944669272750616, "std": 0.0003745479041872189, "repeat": 10, "number": 1}], "params": [["'univar_normal'", "'multivar_normal'", "'matrixvar_normal'", "'symmatrixvar_normal'", "'operatorvar_normal'"], ["'pdf'", "'logpdf'", "'cdf'", "'logcdf'"]]}, "random_variables.Sampling.time_sample": {"result": [6.193873831575894e-05, 0.00020706993812809186, 0.0017626543412916362, 0.03796357987448573, 0.03796095633879304],