{"results": {"ivpsolve.IVPSolve.time_solve": {"result": null, "params": [["'eks0'", "'ekf0'"], ["'with'", "'without'"], ["'ibm4'", "'ioup4'", "'matern92'"]]}, "linearsolvers.LinSolve.time_solve": {"result": [0.026955869514495134, 0.003943942952901125], "stats": [{"ci_99": [0.026777747087180614, 0.02706741727888584], "q_25": 0.026847594883292913, "q_75": 0.02698208997026086, "min": 0.026777747087180614, "max": 0.02706741727888584, "mean": 0.026921477634459734, "std": 8.842589022197756e-05, "repeat": 10, "number": 1}, {"ci_99": [0.003924371053775151, 0.003987003117799759], "q_25": 0.0039322650991380215, "q_75": 0.003984401390577356, "min": 0.003924371053775151, "max": 0.003987003117799759, "mean": 0.003954371499518553, "std": 2.562551359732145e-05, "repeat": 10, "number": 3}], "params": [["'sparse'", "'dense'"]]}, "linearsolvers.PosteriorDist.time_sample": {"result": [0.0021110324499507742, 0.026659902185201645, 0.020467653404921293], "stats": [{"ci_99": [0.00207434439410766, 0.0021552258792022863], "q_25": 0.0020877180310587087, "q_75": 0.0021377122417713204, "min": 0.00207434439410766, "max": 0.0021552258792022863, "mean": 0.002112045263250669, "std": 2.8552669939775974e-05, "repeat": 10, "number": 6}, {"ci_99": [0.02501779329031706, 0.027860935777425766], "q_25": 0.026367895072326064, "q_75": 0.027136402670294046, "min": 0.02501779329031706, "max": 0.027860935777425766, "mean": 0.02670498499646783, "std": 0.0007577309422421551, "repeat": 10, "number": 1}, {"ci_99": [0.02030450664460659, 0.020737171173095703], "q_25": 0.020376491826027632, "q_75": 0.020518672186881304, "min": 0.02030450664460659, "max": 0.020737171173095703, "mean": 0.02047481769695878, "std": 0.00013334564325224226, "repeat": 10, "number": 1}], "params": [["'solution'", "'matrix'", "'matrix_inverse'"]]}, "random_variables.Functions.time_distr_functions": {"result": [8.380160267863954e-05, 8.425187533263301e-05, 7.314016417103963e-05, 7.65290619297461e-05, 0.00010296830040370596, 0.00010300782741978765, 0.0048491619527339935, 0.004835587460547686, 0.0005462903354782611, 0.0005428287773751295, 0.04034335818141699, 0.039440691471099854, 0.0005348258866713597, 0.0005362705470850834, 0.039332752116024494, 0.039422744419425726, 0.0005320976488292217, 0.0005327860394922587, 0.03921641828492284, 0.039304016157984734], "stats": [{"ci_99": [8.332995431763785e-05, 8.51809696740463e-05], "q_25": 8.362936865569664e-05, "q_75": 8.448149163682922e-05, "min": 8.332995431763785e-05, "max": 8.51809696740463e-05, "mean": 8.405937085382079e-05, "std": 5.879580168043526e-07, "repeat": 10, "number": 119}, {"ci_99": [8.355341393683777e-05, 8.600331140590495e-05], "q_25": 8.398894274027133e-05, "q_75": 8.503380078883445e-05, "min": 8.355341393683777e-05, "max": 8.600331140590495e-05, "mean": 8.45009086989477e-05, "std": 7.764724297592191e-07, "repeat": 10, "number": 122}, {"ci_99": [7.287314991011236e-05, 7.454273256942303e-05], "q_25": 7.302398677833759e-05, "q_75": 7.377555899757104e-05, "min": 7.287314991011236e-05, "max": 7.454273256942303e-05, "mean": 7.341453112172386e-05, "std": 5.615899863511906e-07, "repeat": 10, "number": 137}, {"ci_99": [7.557483402999132e-05, 7.710349908867082e-05], "q_25": 7.597453911769224e-05, "q_75": 7.684670805514275e-05, "min": 7.557483402999132e-05, "max": 7.710349908867082e-05, "mean": 7.641737225589218e-05, "std": 5.051937244125244e-07, "repeat": 10, "number": 143}, {"ci_99": [0.00010120431924688404, 0.00013682284745676764], "q_25": 0.00010163000993559072, "q_75": 0.00010577934505096797, "min": 0.00010120431924688404, "max": 0.00013682284745676764, "mean": 0.00010865046321574985, "std": 1.2016378511109613e-05, "repeat": 10, "number": 58}, {"ci_99": [0.00010034456915621246, 0.00018066463858953545], "q_25": 0.0001012865562058453, "q_75": 0.00012540435169025192, "min": 0.00010034456915621246, "max": 0.00018066463858953545, "mean": 0.00011973116280777115, "std": 2.868925336933795e-05, "repeat": 10, "number": 56}, {"ci_99": [0.0028853639960289, 0.006603903602808714], "q_25": 0.004776330315507948, "q_75": 0.00491207093000412, "min": 0.0028853639960289, "max": 0.006603903602808714, "mean": 0.004781319852918386, "std": 0.0011253506820986547, "repeat": 10, "number": 2}, {"ci_99": [0.002892607357352972, 0.006485363002866507], "q_25": 0.004771264037117362, "q_75": 0.004894905723631382, "min": 0.002892607357352972, "max": 0.006485363002866507, "mean": 0.004768547927960753, "std": 0.00112822364032469, "repeat": 10, "number": 2}, {"ci_99": [0.0005371472216211259, 0.0006443892489187419], "q_25": 0.0005387352284742519, "q_75": 0.0005497514648595825, "min": 0.0005371472216211259, "max": 0.0006443892489187419, "mean": 0.0005586745101027191, "std": 3.307308174965739e-05, "repeat": 10, "number": 16}, {"ci_99": [0.0005289727392104956, 0.0008471810903686744], "q_25": 0.0005325092934072018, "q_75": 0.0005545750117072692, "min": 0.0005289727392104956, "max": 0.0008471810903686744, "mean": 0.0005764843681110786, "std": 9.24682805716205e-05, "repeat": 10, "number": 13}, {"ci_99": [0.03877590410411358, 0.04113127663731575], "q_25": 0.0391932837665081, "q_75": 0.04087646049447358, "min": 0.03877590410411358, "max": 0.04113127663731575, "mean": 0.04004757469519973, "std": 0.0009091765455948634, "repeat": 10, "number": 1}, {"ci_99": [0.038516730070114136, 0.04008290730416775], "q_25": 0.038846120703965425, "q_75": 0.03987943148240447, "min": 0.038516730070114136, "max": 0.04008290730416775, "mean": 0.039369686227291825, "std": 0.0005508492543638282, "repeat": 10, "number": 1}, {"ci_99": [0.0005181749852804037, 0.0007035715792041558], "q_25": 0.0005280158410851772, "q_75": 0.0005417167603109891, "min": 0.0005181749852804037, "max": 0.0007035715792041558, "mean": 0.0005597466244720497, "std": 5.803000937999329e-05, "repeat": 10, "number": 13}, {"ci_99": [0.0005221494401876743, 0.0007788839105230111], "q_25": 0.0005289727392104956, "q_75": 0.0005495034946272006, "min": 0.0005221494401876743, "max": 0.0007788839105230111, "mean": 0.0005611914210021495, "std": 7.330390691893314e-05, "repeat": 10, "number": 13}, {"ci_99": [0.03867750894278288, 0.04043130576610565], "q_25": 0.03890984645113349, "q_75": 0.03976258006878197, "min": 0.03867750894278288, "max": 0.04043130576610565, "mean": 0.039396321028470994, "std": 0.0006132970517556229, "repeat": 10, "number": 1}, {"ci_99": [0.03854530677199364, 0.04037648160010576], "q_25": 0.038743215845897794, "q_75": 0.039758928352966905, "min": 0.03854530677199364, "max": 0.04037648160010576, "mean": 0.03935812460258603, "std": 0.0006059034845088945, "repeat": 10, "number": 1}, {"ci_99": [0.0005195794913631219, 0.0006402276026514861], "q_25": 0.0005262144124851777, "q_75": 0.000543329631909728, "min": 0.0005195794913631219, "max": 0.0006402276026514861, "mean": 0.0005431714467704296, "std": 3.344386273955109e-05, "repeat": 10, "number": 13}, {"ci_99": [0.0005195016184678444, 0.0007012679886359435], "q_25": 0.0005257391514113316, "q_75": 0.0005379849686645544, "min": 0.0005195016184678444, "max": 0.0007012679886359435, "mean": 0.0005543469737928648, "std": 5.5077931156359824e-05, "repeat": 10, "number": 13}, {"ci_99": [0.038502215407788754, 0.06531393155455589], "q_25": 0.03867266117595136, "q_75": 0.03970594354905188, "min": 0.038502215407788754, "max": 0.06531393155455589, "mean": 0.042876222264021636, "std": 0.008313113691381747, "repeat": 10, "number": 1}, {"ci_99": [0.038543833419680595, 0.03981807269155979], "q_25": 0.038742691045627, "q_75": 0.03975014155730605, "min": 0.038543833419680595, "max": 0.03981807269155979, "mean": 0.03923684880137444, "std": 0.000518482524715267, "repeat": 10, "number": 1}], "params": [["'univar_normal'", "'multivar_normal'", "'matrixvar_normal'", "'symmatrixvar_normal'", "'operatorvar_normal'"], ["'pdf'", "'logpdf'", "'cdf'", "'logcdf'"]]}, "random_variables.Sampling.time_sample": {"result": [6.218944616310777e-05, 0.00021019666546992228, 0.001962436285490791, 0.03778403019532561, 0.037884235847741365],