{"results": {"ivpsolve.IVPSolve.time_solve": {"result": null, "params": [["'eks0'", "'ekf0'"], ["'with'", "'without'"], ["'ibm4'", "'ioup4'", "'matern92'"]]}, "linearsolvers.LinSolve.time_solve": {"result": [0.02677345694974065, 0.003920003616561492], "stats": [{"ci_99": [0.02663154248148203, 0.027513612993061543], "q_25": 0.02674753754399717, "q_75": 0.02688487316481769, "min": 0.02663154248148203, "max": 0.027513612993061543, "mean": 0.026898476388305427, "std": 0.0002668475305031868, "repeat": 10, "number": 1}, {"ci_99": [0.003896779070297877, 0.003957645346721013], "q_25": 0.0039026727123806873, "q_75": 0.003940309087435405, "min": 0.003896779070297877, "max": 0.003957645346721013, "mean": 0.003922383083651463, "std": 2.0188652128313203e-05, "repeat": 10, "number": 3}], "params": [["'sparse'", "'dense'"]]}, "linearsolvers.PosteriorDist.time_sample": {"result": [0.002125643116111557, 0.019677097909152508, 0.019620733335614204], "stats": [{"ci_99": [0.0020757210440933704, 0.002146380953490734], "q_25": 0.0021029902078832188, "q_75": 0.0021395943282792964, "min": 0.0020757210440933704, "max": 0.002146380953490734, "mean": 0.0021195543774714075, "std": 2.4563404338581343e-05, "repeat": 10, "number": 6}, {"ci_99": [0.019159707240760326, 0.020028780214488506], "q_25": 0.019625541288405657, "q_75": 0.01982507831417024, "min": 0.019159707240760326, "max": 0.020028780214488506, "mean": 0.01968073919415474, "std": 0.00022126190399126799, "repeat": 10, "number": 1}, {"ci_99": [0.018894731998443604, 0.020765794441103935], "q_25": 0.019385199062526226, "q_75": 0.019719898933544755, "min": 0.018894731998443604, "max": 0.020765794441103935, "mean": 0.019625318609178065, "std": 0.00047007173574403847, "repeat": 10, "number": 1}], "params": [["'solution'", "'matrix'", "'matrix_inverse'"]]}, "random_variables.Functions.time_distr_functions": {"result": [8.342809559515685e-05, 8.375147049586603e-05, 7.283105833889687e-05, 7.555569053118957e-05, 0.00010068635683415866, 9.823054144227945e-05, 0.00475775811355561, 0.004512781510129571, 0.0005355114117264748, 0.0005377243774441572, 0.03897396381944418, 0.038880587089806795, 0.0005264893407002091, 0.0005211561219766736, 0.038662214297801256, 0.040112778544425964, 0.0005210472038015724, 0.0005328612258801094, 0.038660128600895405, 0.03873648028820753], "stats": [{"ci_99": [8.320392009394228e-05, 8.460935513096408e-05], "q_25": 8.322777465170572e-05, "q_75": 8.426592608313423e-05, "min": 8.320392009394228e-05, "max": 8.460935513096408e-05, "mean": 8.370243089873928e-05, "std": 5.48328458285805e-07, "repeat": 10, "number": 121}, {"ci_99": [8.326397079417086e-05, 8.505620942341061e-05], "q_25": 8.343473648813766e-05, "q_75": 8.461236821736876e-05, "min": 8.326397079417086e-05, "max": 8.505620942341061e-05, "mean": 8.400344898498903e-05, "std": 6.62716131497763e-07, "repeat": 10, "number": 127}, {"ci_99": [7.248789786475978e-05, 7.371467295778941e-05], "q_25": 7.260588240133573e-05, "q_75": 7.297508003930115e-05, "min": 7.248789786475978e-05, "max": 7.371467295778941e-05, "mean": 7.29148314423757e-05, "std": 3.958647309185492e-07, "repeat": 10, "number": 146}, {"ci_99": [7.531850050527153e-05, 7.601358419191753e-05], "q_25": 7.551323774383e-05, "q_75": 7.565674563565998e-05, "min": 7.531850050527153e-05, "max": 7.601358419191753e-05, "mean": 7.559767402444328e-05, "std": 1.7779175376784295e-07, "repeat": 10, "number": 141}, {"ci_99": [9.870893753519872e-05, 0.00012270288496482663], "q_25": 0.00010025599494394733, "q_75": 0.0001013654840701237, "min": 9.870893753519872e-05, "max": 0.00012270288496482663, "mean": 0.00010316317855584912, "std": 6.779256296547848e-06, "repeat": 10, "number": 82}, {"ci_99": [9.746148457957638e-05, 9.932516453166802e-05], "q_25": 9.78205568605551e-05, "q_75": 9.845824765593365e-05, "min": 9.746148457957638e-05, "max": 9.932516453166802e-05, "mean": 9.825133494342918e-05, "std": 5.517322411491143e-07, "repeat": 10, "number": 108}, {"ci_99": [0.0025508184917271137, 0.006152405170723796], "q_25": 0.0031164580141194165, "q_75": 0.005452984943985939, "min": 0.0025508184917271137, "max": 0.006152405170723796, "mean": 0.0043872449779883025, "std": 0.0012373150111143457, "repeat": 10, "number": 4}, {"ci_99": [0.0025449139066040516, 0.006159444339573383], "q_25": 0.003384508832823485, "q_75": 0.00545658654300496, "min": 0.0025449139066040516, "max": 0.006159444339573383, "mean": 0.004415199649520219, "std": 0.0013161514306060755, "repeat": 10, "number": 4}, {"ci_99": [0.0005253269919194281, 0.0008124134037643671], "q_25": 0.0005311300046741962, "q_75": 0.0005402137903729454, "min": 0.0005253269919194281, "max": 0.0008124134037643671, "mean": 0.0005768231465481221, "std": 9.096870667662791e-05, "repeat": 10, "number": 16}, {"ci_99": [0.0005230433665789091, 0.000649249037870994], "q_25": 0.0005271254967038449, "q_75": 0.0005476556073587674, "min": 0.0005230433665789091, "max": 0.000649249037870994, "mean": 0.0005474861353062666, "std": 3.55619492433515e-05, "repeat": 10, "number": 13}, {"ci_99": [0.03876066766679287, 0.040270489640533924], "q_25": 0.03886158741079271, "q_75": 0.03914905106648803, "min": 0.03876066766679287, "max": 0.040270489640533924, "mean": 0.03911555837839842, "std": 0.00042068901269912655, "repeat": 10, "number": 1}, {"ci_99": [0.038564978167414665, 0.0392000637948513], "q_25": 0.03885830286890268, "q_75": 0.038931554183363914, "min": 0.038564978167414665, "max": 0.0392000637948513, "mean": 0.038892725482583046, "std": 0.0001542332982350093, "repeat": 10, "number": 1}, {"ci_99": [0.0005180318063745896, 0.0007303818129003048], "q_25": 0.0005215825707030793, "q_75": 0.0005382053398837646, "min": 0.0005180318063745896, "max": 0.0007303818129003048, "mean": 0.0005484224840377768, "std": 6.121232749320848e-05, "repeat": 10, "number": 12}, {"ci_99": [0.0005119952838867903, 0.0006415982885907093], "q_25": 0.0005172031621138254, "q_75": 0.0005291404280190667, "min": 0.0005119952838867903, "max": 0.0006415982885907093, "mean": 0.0005403985036537051, "std": 4.1537566478765255e-05, "repeat": 10, "number": 12}, {"ci_99": [0.03846662398427725, 0.03900298476219177], "q_25": 0.038644196931272745, "q_75": 0.03879355359822512, "min": 0.03846662398427725, "max": 0.03900298476219177, "mean": 0.03870354285463691, "std": 0.00015662021986353106, "repeat": 10, "number": 1}, {"ci_99": [0.03857967257499695, 0.04096969310194254], "q_25": 0.039046310586854815, "q_75": 0.040596893755719066, "min": 0.03857967257499695, "max": 0.04096969310194254, "mean": 0.03984605735167861, "std": 0.000909176749017079, "repeat": 10, "number": 1}, {"ci_99": [0.0005076635628938675, 0.0005472582299262286], "q_25": 0.0005113635445013642, "q_75": 0.0005261164740659297, "min": 0.0005076635628938675, "max": 0.0005472582299262286, "mean": 0.0005209244368597865, "std": 1.1407587422463009e-05, "repeat": 10, "number": 20}, {"ci_99": [0.0005211348717029279, 0.0006692287010642198], "q_25": 0.000527985985032641, "q_75": 0.0005399126631136123, "min": 0.0005211348717029279, "max": 0.0006692287010642198, "mean": 0.0005466908359756837, "std": 4.170604428827696e-05, "repeat": 10, "number": 13}, {"ci_99": [0.03848947864025831, 0.03908353950828314], "q_25": 0.03861368610523641, "q_75": 0.03874997026287019, "min": 0.03848947864025831, "max": 0.03908353950828314, "mean": 0.03870665328577161, "std": 0.00017534881092060248, "repeat": 10, "number": 1}, {"ci_99": [0.038574229925870895, 0.0391388013958931], "q_25": 0.038643546868115664, "q_75": 0.038866491289809346, "min": 0.038574229925870895, "max": 0.0391388013958931, "mean": 0.03876911383122206, "std": 0.00016457051298750133, "repeat": 10, "number": 1}], "params": [["'univar_normal'", "'multivar_normal'", "'matrixvar_normal'", "'symmatrixvar_normal'", "'operatorvar_normal'"], ["'pdf'", "'logpdf'", "'cdf'", "'logcdf'"]]}, "random_variables.Sampling.time_sample": {"result": [6.379479722630593e-05, 0.00020815640249673058, 0.0017291030962951481, 0.037444653920829296, 0.03715044353157282],