{"results": {"ivpsolve.IVPSolve.time_solve": {"result": null, "params": [["'eks0'", "'ekf0'"], ["'with'", "'without'"], ["'ibm4'", "'ioup4'", "'matern92'"]]}, "linearsolvers.LinSolve.time_solve": {"result": [0.0269764787517488, 0.003933749161660671], "stats": [{"ci_99": [0.026746842078864574, 0.02742109540849924], "q_25": 0.0267854742705822, "q_75": 0.027106908382847905, "min": 0.026746842078864574, "max": 0.02742109540849924, "mean": 0.026993654482066632, "std": 0.00021772667580960555, "repeat": 10, "number": 1}, {"ci_99": [0.003920392754177253, 0.003947857456902663], "q_25": 0.0039246211138864355, "q_75": 0.003936315731455882, "min": 0.003920392754177253, "max": 0.003947857456902663, "mean": 0.00393222002312541, "std": 8.600134379973817e-06, "repeat": 10, "number": 3}], "params": [["'sparse'", "'dense'"]]}, "linearsolvers.PosteriorDist.time_sample": {"result": [0.0020809158061941466, 0.02289370773360133, 0.026464769151061773], "stats": [{"ci_99": [0.0020401732375224433, 0.0021368851885199547], "q_25": 0.002047714350434641, "q_75": 0.0021264449460431933, "min": 0.0020401732375224433, "max": 0.0021368851885199547, "mean": 0.0020860234120239816, "std": 4.130084360886327e-05, "repeat": 10, "number": 6}, {"ci_99": [0.019292453303933144, 0.026549641974270344], "q_25": 0.019608694361522794, "q_75": 0.02650727122090757, "min": 0.019292453303933144, "max": 0.026549641974270344, "mean": 0.022993599344044924, "std": 0.003448414576064346, "repeat": 10, "number": 1}, {"ci_99": [0.025008108466863632, 0.03162817470729351], "q_25": 0.026400846196338534, "q_75": 0.026636333437636495, "min": 0.025008108466863632, "max": 0.03162817470729351, "mean": 0.026858637388795615, "std": 0.0016554580900066246, "repeat": 10, "number": 1}], "params": [["'solution'", "'matrix'", "'matrix_inverse'"]]}, "random_variables.Functions.time_distr_functions": {"result": [8.409733950035779e-05, 8.423747421484294e-05, 7.383086984711035e-05, 7.66257056966424e-05, 0.00010177431561584984, 9.995275345372866e-05, 0.004757594006756941, 0.004757888265885413, 0.0005474198842421174, 0.00054549418676358, 0.038881128653883934, 0.03896755864843726, 0.0005427571013569832, 0.0005378642191107457, 0.038874462712556124, 0.03874478302896023, 0.0005287593947007107, 0.0005369153805077076, 0.03871481167152524, 0.03866133326664567], "stats": [{"ci_99": [8.355656008082112e-05, 8.455097792655464e-05], "q_25": 8.39408718078859e-05, "q_75": 8.421539196993891e-05, "min": 8.355656008082112e-05, "max": 8.455097792655464e-05, "mean": 8.405266021649668e-05, "std": 2.8905809101155716e-07, "repeat": 10, "number": 127}, {"ci_99": [8.393190507813701e-05, 8.489487795379218e-05], "q_25": 8.409049207945978e-05, "q_75": 8.43963893790414e-05, "min": 8.393190507813701e-05, "max": 8.489487795379218e-05, "mean": 8.428377341332398e-05, "std": 2.7152519499643466e-07, "repeat": 10, "number": 127}, {"ci_99": [7.350191340914795e-05, 7.445234140115124e-05], "q_25": 7.365633168124727e-05, "q_75": 7.4038899037987e-05, "min": 7.350191340914795e-05, "max": 7.445234140115124e-05, "mean": 7.389076852372715e-05, "std": 2.988439842789052e-07, "repeat": 10, "number": 140}, {"ci_99": [7.630728318222932e-05, 7.770442669945104e-05], "q_25": 7.638980501464436e-05, "q_75": 7.688525864588362e-05, "min": 7.630728318222932e-05, "max": 7.770442669945104e-05, "mean": 7.678595770682607e-05, "std": 4.922031817490111e-07, "repeat": 10, "number": 140}, {"ci_99": [0.00010152197709040982, 0.0001729157187842897], "q_25": 0.00010161294319134737, "q_75": 0.00010794406573820327, "min": 0.00010152197709040982, "max": 0.0001729157187842897, "mean": 0.00011094304666455307, "std": 2.10898409039115e-05, "repeat": 10, "number": 56}, {"ci_99": [9.919505521475551e-05, 0.00011974146746727358], "q_25": 9.978359778333141e-05, "q_75": 0.00010083846085850733, "min": 9.919505521475551e-05, "max": 0.00011974146746727358, "mean": 0.00010360093585338936, "std": 7.263133649793898e-06, "repeat": 10, "number": 83}, {"ci_99": [0.002066488998631636, 0.006716577336192131], "q_25": 0.003428621062388023, "q_75": 0.0057464180669436855, "min": 0.002066488998631636, "max": 0.006716577336192131, "mean": 0.004508552172531685, "std": 0.0014818452265794929, "repeat": 10, "number": 3}, {"ci_99": [0.0023299690801650286, 0.006951945833861828], "q_25": 0.003483152249827981, "q_75": 0.005448553536552936, "min": 0.0023299690801650286, "max": 0.006951945833861828, "mean": 0.004578418401069939, "std": 0.001448171698851591, "repeat": 10, "number": 4}, {"ci_99": [0.0005363640375435352, 0.0006969800451770425], "q_25": 0.0005415813939180225, "q_75": 0.0005517396348295733, "min": 0.0005363640375435352, "max": 0.0006969800451770425, "mean": 0.0005628498329315335, "std": 4.571246249538343e-05, "repeat": 10, "number": 16}, {"ci_99": [0.0005288437868540103, 0.0005558174676620043], "q_25": 0.0005365680867376237, "q_75": 0.0005487035422657545, "min": 0.0005288437868540103, "max": 0.0005558174676620043, "mean": 0.0005430767097725317, "std": 8.69367541306747e-06, "repeat": 10, "number": 13}, {"ci_99": [0.03857623040676117, 0.04001457989215851], "q_25": 0.03870458551682532, "q_75": 0.0389686394482851, "min": 0.03857623040676117, "max": 0.04001457989215851, "mean": 0.038966541085392235, "std": 0.00040705888836451695, "repeat": 10, "number": 1}, {"ci_99": [0.038825162686407566, 0.03941954765468836], "q_25": 0.03886239347048104, "q_75": 0.039190643234178424, "min": 0.038825162686407566, "max": 0.03941954765468836, "mean": 0.03904444398358464, "std": 0.00020290370710563757, "repeat": 10, "number": 1}, {"ci_99": [0.0005217036814428866, 0.0006501393509097397], "q_25": 0.0005280462064547464, "q_75": 0.0005528279434656724, "min": 0.0005217036814428866, "max": 0.0006501393509097397, "mean": 0.0005512604198884219, "std": 3.6343337857791204e-05, "repeat": 10, "number": 16}, {"ci_99": [0.0005321814320408381, 0.000592770126576607], "q_25": 0.000535858920417153, "q_75": 0.0005477038212120533, "min": 0.0005321814320408381, "max": 0.000592770126576607, "mean": 0.0005478382826997685, "std": 1.945536014102356e-05, "repeat": 10, "number": 13}, {"ci_99": [0.03840553108602762, 0.039296639151871204], "q_25": 0.038622389547526836, "q_75": 0.03908112761564553, "min": 0.03840553108602762, "max": 0.039296639151871204, "mean": 0.038847821112722156, "std": 0.0002874212457091039, "repeat": 10, "number": 1}, {"ci_99": [0.038568560034036636, 0.039959381334483624], "q_25": 0.03864361974410713, "q_75": 0.03876783489249647, "min": 0.038568560034036636, "max": 0.039959381334483624, "mean": 0.038892770558595656, "std": 0.0004311738724722973, "repeat": 10, "number": 1}, {"ci_99": [0.0005056491981332118, 0.0006280947619905839], "q_25": 0.0005148210419485202, "q_75": 0.0005496180473038782, "min": 0.0005056491981332118, "max": 0.0006280947619905839, "mean": 0.0005420440879578774, "std": 3.6240562212563185e-05, "repeat": 10, "number": 13}, {"ci_99": [0.0005330156821470994, 0.0005831994259586701], "q_25": 0.0005357908801390574, "q_75": 0.0005443402780936314, "min": 0.0005330156821470994, "max": 0.0005831994259586701, "mean": 0.0005433126424367611, "std": 1.4058761498035456e-05, "repeat": 10, "number": 13}, {"ci_99": [0.03848597686737776, 0.03937140293419361], "q_25": 0.038579534040763974, "q_75": 0.038814709056168795, "min": 0.03848597686737776, "max": 0.03937140293419361, "mean": 0.03874733215197921, "std": 0.0002421754705260197, "repeat": 10, "number": 1}, {"ci_99": [0.038427495397627354, 0.03900610376149416], "q_25": 0.038519345223903656, "q_75": 0.038816558895632625, "min": 0.038427495397627354, "max": 0.03900610376149416, "mean": 0.03868052549660206, "std": 0.00018691610926468332, "repeat": 10, "number": 1}], "params": [["'univar_normal'", "'multivar_normal'", "'matrixvar_normal'", "'symmatrixvar_normal'", "'operatorvar_normal'"], ["'pdf'", "'logpdf'", "'cdf'", "'logcdf'"]]}, "random_variables.Sampling.time_sample": {"result": [6.229818668649641e-05, 0.0002106115035712719, 0.0020520377438515425, 0.03769650822505355, 0.037623855751007795],